node_id,0,1,2,3,4,5,6,7,8,9,10,11,12,13,14,15,16,17,18,19,20,21,22,23,24,25,26,27,28,29,30,31,32,33,34,35,36,37,38,39,40,41,42,43,44,45,46,47,48,49,50,51,52,53,54,55,56,57,58,59,60,61,62,63,64,65,66,67,68,69,70,71,72,73,74,75,76,77,78,79,80,81,82,83,84,85,86,87,88,89,90,91,92,93,94,95,96,97,98,99
0,0.000000,57.488619,152.314491,229.169815,284.685843,366.136310,439.110509,528.192268,617.195102,657.783390,98.763811,95.749076,197.739871,239.276188,304.965074,408.419734,447.819159,532.009615,586.986201,685.002795,158.629670,199.296546,252.785212,277.556360,358.059774,438.401386,502.935523,572.031046,642.077589,706.341250,238.197555,279.142758,310.364307,342.323493,418.067167,453.797006,544.871453,615.848951,681.150807,747.638062,336.649032,337.188258,375.652094,390.295726,436.315779,500.892032,570.170749,633.297655,727.377082,757.031133,389.900851,438.121453,420.496129,457.919193,504.006691,558.850877,606.948385,684.732193,727.952488,818.852317,487.534504,472.798389,510.288607,530.745410,585.155867,650.059491,667.035919,751.362996,776.329012,860.732214,534.631482,563.797383,577.385153,601.562944,664.248592,707.112399,716.808742,792.844204,851.338849,898.144786,640.892517,649.589745,631.428703,685.534897,706.393436,745.154907,803.651188,853.073709,911.538606,961.389937,685.841692,704.497039,722.099894,747.582556,804.454447,825.757241,866.161077,906.357241,962.683546,1015.925795
1,57.488619,0.000000,104.851643,177.023204,234.826734,314.483225,388.792424,477.899017,565.542714,605.846406,84.785507,53.812533,140.871965,182.657894,248.666749,353.334162,391.822546,477.819699,533.071142,631.234503,145.514315,154.553931,198.504570,220.419772,300.577185,381.195773,445.785571,515.417214,585.726292,650.785556,214.348449,240.606869,259.713672,289.727462,361.457156,396.790187,487.389584,558.567991,623.967993,691.209932,308.617793,300.287745,330.102702,339.757791,381.191022,444.568561,513.463226,575.947570,669.889106,699.812076,361.228747,399.533246,375.096273,409.516839,450.241995,503.312593,550.554883,627.422111,670.620554,761.386786,459.632338,438.190891,466.438029,484.471490,534.871698,596.494572,612.105838,694.817940,719.391486,803.420311,503.472944,527.177395,535.244275,555.343383,614.770093,655.284678,662.560147,737.967487,794.884334,841.600407,612.682199,615.776021,591.680660,642.115576,658.433351,694.285535,751.301118,798.594574,856.540555,905.083763,657.373143,669.710588,681.866786,704.464673,756.948305,776.428995,813.981133,852.969986,908.586627,960.602314
2,152.314491,104.851643,0.000000,79.296627,132.405593,214.357317,286.809243,375.879624,465.125416,505.811967,176.450863,128.735010,113.212906,107.307454,165.604828,261.563872,303.722956,382.443266,436.848113,534.500387,227.619445,183.071241,179.687598,171.988002,232.672096,303.131072,365.921858,429.942290,498.180450,559.269626,275.207001,271.057767,250.967119,269.424525,310.235610,339.623803,417.381407,479.384960,542.941149,603.692367,354.983367,329.192581,333.873705,325.157923,341.222964,393.375923,457.068127,509.606553,596.289812,618.847420,403.526912,418.747260,376.732147,399.543564,415.841046,456.838273,496.523688,561.372362,603.732184,685.350532,499.572482,465.123727,468.958852,478.986597,513.840201,559.740771,567.590919,637.602475,657.942117,736.009431,535.697038,546.764608,540.592057,548.120449,595.126159,625.628786,621.226161,692.209744,737.634364,783.237415,648.354298,639.765723,602.066207,641.567080,643.431308,668.024536,718.117253,754.520440,809.039693,848.363688,691.764554,690.568948,689.333805,703.752857,742.070126,754.990082,780.891737,814.031117,865.688624,910.458324
3,229.169815,177.023204,79.296627,0.000000,60.093366,137.465957,212.041907,301.054006,388.582818,428.980585,234.169879,184.936185,110.365735,53.830663,91.542131,182.321469,224.930868,303.479084,358.135756,456.005917,274.358408,199.746856,160.955711,128.589132,165.601465,227.869761,289.266927,351.360828,419.145908,479.977510,302.653532,276.479686,228.779241,236.252846,251.073713,275.420823,344.505145,402.373503,465.192607,524.592642,366.186998,328.682692,314.043459,292.037672,288.601528,331.504253,390.860449,437.634211,520.791557,540.969142,409.213162,406.090329,352.825591,365.995294,364.390855,396.534749,431.106849,489.174011,530.920071,608.770167,500.021908,456.579286,442.006466,445.912460,468.968212,503.749256,506.779142,569.169104,587.322612,662.450976,529.153577,530.302734,513.732799,512.074581,549.660489,573.199482,561.684825,629.489072,668.624004,713.496477,642.152833,624.707227,577.566882,608.490895,600.344956,617.237386,662.513154,692.300619,744.641888,779.154340,683.864700,672.322472,661.252786,669.654895,697.856594,706.374837,724.833369,754.328940,803.489111,844.247643
4,284.685843,234.826734,132.405593,60.093366,0.000000,83.013881,154.430541,243.539213,332.828261,373.591736,294.260223,245.015556,163.524710,93.932008,85.992259,141.077384,186.710953,253.797408,307.023253,403.909074,333.691147,253.727981,202.601360,157.413717,161.658796,202.608023,258.097778,312.042154,376.541397,432.895395,357.741827,324.226487,263.924140,263.417900,252.246923,268.705825,321.193075,368.312702,428.224201,480.952440,414.684087,372.505440,347.363623,316.738512,295.681004,326.073159,377.956175,414.532322,489.623657,503.090490,454.669059,441.781639,382.381641,388.103521,370.274331,391.527812,418.632942,465.058506,505.271648,574.410467,541.833923,493.933008,467.561488,466.736798,479.232190,502.076734,499.350013,550.596944,565.110293,634.513543,566.824627,561.876286,538.297799,529.478193,558.249306,574.577400,555.182821,618.407615,648.443865,691.922429,679.078202,656.295662,603.124539,627.218470,610.591612,619.881096,659.643377,681.402036,730.605182,758.094025,719.503137,701.432291,683.407860,687.020176,706.222243,710.469891,721.013199,746.134394,791.981636,827.279128
5,366.136310,314.483225,214.357317,137.465957,83.013881,0.000000,76.059134,164.187741,251.158886,291.658581,367.178201,318.678626,221.720644,149.291154,99.371802,71.551060,116.464579,171.283967,224.068576,320.904380,400.079847,308.311786,241.112823,185.582710,146.013503,148.815516,192.363374,236.061752,297.264326,350.907568,411.778364,365.053175,288.223293,276.407838,230.188102,234.376845,262.297421,296.364748,352.910842,400.549983,454.355399,405.111389,364.376705,322.661963,278.260429,289.829930,329.881279,353.321674,418.957797,426.518224,488.018467,459.242275,392.345555,386.947778,347.161746,353.077735,369.893087,401.851815,439.915701,500.289208,567.260408,512.820312,468.895361,461.187113,458.508299,464.955714,455.011539,492.302943,502.699821,565.789414,584.901990,570.299869,536.546526,517.541742,533.539561,540.048627,511.010667,567.871934,587.429179,629.130376,694.419918,663.327552,601.695522,615.442184,587.249849,586.306713,618.559144,630.430387,675.647079,695.426891,732.292147,704.062452,675.821511,672.496079,679.090500,677.668457,678.118740,697.764365,739.442201,768.515016
6,439.110509,388.792424,286.809243,212.041907,154.430541,76.059134,0.000000,89.136670,179.212693,220.201864,443.177529,394.588720,297.010633,224.973328,170.454785,91.097560,114.801757,117.886413,162.993544,255.346257,475.857096,382.285969,311.523500,254.444161,197.745320,165.569189,184.274138,202.668679,251.928224,294.525780,485.002765,434.243206,351.884928,334.862285,268.276772,261.379117,258.346344,268.512964,315.926683,349.428541,522.201750,470.367397,422.473627,375.458844,316.826116,311.032111,336.040528,341.155274,389.462690,385.050648,552.721624,515.869276,445.726080,433.229756,377.774872,368.883037,373.549912,385.057798,418.809651,462.808608,627.166203,569.564871,515.080997,502.572777,487.761306,478.544754,461.084062,480.301433,484.706650,537.057895,640.393111,619.809876,579.402924,552.905567,557.681571,554.669578,515.974548,564.388427,570.050891,608.691407,747.285028,710.926205,643.906274,649.450737,611.735523,601.092035,625.066095,625.493296,665.220134,674.455097,783.224995,748.186896,712.488365,703.546624,698.852726,691.967481,681.876712,695.097839,731.363743,752.245235
7,528.192268,477.899017,375.879624,301.054006,243.539213,164.187741,89.136670,0.000000,92.646548,133.540849,531.037301,482.730863,382.095319,311.191338,252.459060,154.170008,151.716852,83.116549,98.312890,175.765546,561.614873,464.732583,389.913790,332.165559,263.010820,205.329255,194.529948,176.842851,202.484985,226.422563,565.792312,509.777296,422.079385,399.916899,316.033248,298.669291,262.423036,241.785572,273.322552,286.350475,595.292034,540.679337,485.175129,433.443321,362.217756,338.588659,345.316943,328.522633,352.754880,333.270213,621.569159,575.398278,502.712235,482.637129,411.953385,387.183149,377.788899,364.340245,391.317399,413.647170,689.419672,628.557901,562.620016,544.916671,516.765875,489.980782,464.409552,461.662349,458.732043,496.782643,697.135325,669.633949,622.021054,587.373837,579.178351,565.247555,516.314420,553.587589,542.656467,576.896414,799.896219,757.479453,684.840681,680.722337,632.560180,610.862652,624.716933,611.707778,644.278740,640.959203,833.191432,790.216524,746.045966,730.612352,712.768304,699.596442,677.324848,682.805968,712.203678,723.226806
8,617.195102,565.542714,465.125416,388.582818,332.828261,251.158886,179.212693,92.646548,0.000000,41.050138,614.276052,566.819372,461.424927,393.010373,330.413613,224.450403,205.054741,106.541659,65.485075,88.307061,640.653774,539.497185,460.663209,403.416652,325.000322,251.273951,216.409993,165.003758,154.874668,150.673727,637.364101,575.258425,483.027806,456.001088,358.747516,332.704431,267.644338,216.292886,225.369439,213.109210,656.774811,599.580097,536.604919,481.214328,400.097747,360.339524,348.212978,309.660978,305.824285,270.547746,677.691030,621.612634,547.619442,520.074725,436.317940,396.691370,373.377883,334.265677,352.430440,350.635562,737.086583,673.331958,596.122020,573.327298,532.014369,487.894281,454.850138,429.197439,418.647063,440.672050,738.454034,703.671422,649.075030,606.501500,584.913184,559.969173,501.811874,526.424579,498.634881,527.629619,835.396526,786.729291,709.002233,694.632628,636.382078,603.625966,606.674575,580.091966,604.724150,588.852247,865.387370,814.114172,761.369282,739.252897,707.871342,688.378677,653.916325,651.375578,673.347488,674.386829
9,657.783390,605.846406,505.811967,428.980585,373.591736,291.658581,220.201864,133.540849,41.050138,0.000000,653.423640,606.237993,499.725222,432.109759,368.777700,261.910762,238.974503,139.510397,89.040046,58.638134,678.572982,576.318354,496.525514,439.668712,359.174099,281.985613,240.690083,179.750554,152.402028,128.396510,672.988807,609.080338,515.752808,487.301589,386.539138,357.939537,283.823572,221.256333,217.989851,189.875249,689.020699,631.127875,565.861816,509.542308,425.714101,380.656980,361.319454,314.173536,296.290323,252.702015,708.016384,648.601225,574.512672,544.430702,456.550082,411.627564,382.900126,332.794502,346.126018,331.024243,764.175196,699.576005,618.510162,593.903619,547.698986,496.773697,460.853734,424.844901,410.620582,423.868589,763.164872,725.731090,668.670638,623.193688,596.238993,566.761343,505.046422,523.522736,487.667511,513.692505,857.557946,806.590435,727.152929,708.683441,646.537694,609.210705,607.369627,574.596717,595.164102,572.997420,886.162128,831.734463,775.689712,750.882304,713.832221,691.642043,651.808321,645.484344,663.719904,659.749585
10,98.763811,84.785507,176.450863,234.169879,294.260223,367.178201,443.177529,531.037301,614.276052,653.423640,0.000000,49.314975,157.108300,221.315019,285.593708,393.356243,426.182475,519.333734,574.942350,672.705976,62.097545,118.076942,191.045438,232.304036,319.692317,405.243964,469.344955,543.427777,614.942719,684.286228,139.434314,185.859812,234.133874,270.179831,361.882666,400.518666,499.668340,578.586145,644.868928,718.963547,238.009938,241.795645,288.271913,311.533983,370.943688,440.947200,512.158854,582.413638,681.991175,719.571013,291.264982,343.062703,332.267048,373.814573,432.161292,493.540932,546.117213,632.582147,675.871370,774.898699,388.786101,375.474156,419.366133,442.649726,503.358956,576.079042,597.896806,690.429931,718.619220,807.436433,436.211401,467.121798,484.410098,512.948035,580.377328,627.947770,644.679180,722.683383,789.171279,836.408169,542.133554,551.687542,536.394738,593.365421,619.765883,663.622254,725.319187,781.073716,841.343500,897.733276,587.085579,606.847609,627.190258,654.951724,716.797555,740.933246,787.151362,830.505201,888.909644,946.782744
11,95.749076,53.812533,128.735010,184.936185,245.015556,318.678626,394.588720,482.730863,566.819372,606.237993,49.314975,0.000000,115.199643,174.473657,239.764001,347.346852,381.774418,473.308497,528.931645,626.930597,100.159886,103.955882,160.702048,193.935542,279.605858,363.962710,428.499608,501.307927,572.589831,640.717834,161.843335,187.561054,214.942574,247.789920,329.890694,367.257164,463.191477,539.335909,605.438808,677.261919,254.966897,246.989912,280.448854,294.740016,344.278464,411.326738,481.709904,548.640625,646.052961,680.694915,307.482256,346.764255,325.385322,362.192801,410.050662,467.212582,517.284596,599.504984,642.844423,738.538003,405.887935,384.651552,415.864841,435.434321,489.473187,555.752402,574.204493,661.914593,688.422336,775.175186,449.679811,474.029319,483.868709,506.296486,568.500400,611.773955,623.085663,699.813853,761.467266,808.511628,558.892263,562.209544,539.407885,591.408016,610.758739,649.539956,708.497572,759.507358,818.593023,870.978873,603.571961,616.291124,629.801323,653.627901,708.914331,730.009770,770.915278,811.772315,868.665201,923.410793
12,197.739871,140.871965,113.212906,110.365735,163.524710,221.720644,297.010633,382.095319,461.424927,499.725222,157.108300,115.199643,0.000000,72.841890,131.012563,238.151271,269.292203,363.736650,419.223001,516.592171,179.606076,90.221334,67.113117,80.037195,164.420303,248.929794,313.386178,386.678269,458.108903,527.180006,194.250305,167.345116,137.949194,159.139062,220.607626,256.058585,348.984941,424.160187,490.244804,562.475484,256.310668,222.086091,220.719382,213.860297,242.313396,303.859694,372.591282,436.037020,531.871948,565.539600,300.768286,307.076828,263.531870,287.720932,313.817172,363.438734,409.773482,487.319437,530.595136,624.083652,393.818927,354.961785,355.820701,366.684483,405.880128,459.820405,472.984359,553.964008,578.600833,663.290528,426.553766,434.498155,427.406576,436.331967,486.965863,521.936485,524.474425,598.785286,654.054593,700.742955,539.609929,527.967127,488.877173,528.926267,533.860019,562.817644,616.546947,659.954044,717.102712,764.314101,582.383945,578.136690,576.149162,591.214797,632.693049,647.943225,679.400587,716.075892,770.442583,820.707343
13,239.276188,182.657894,107.307454,53.830663,93.932008,149.291154,224.973328,311.191338,393.010373,432.109759,221.315019,174.473657,72.841890,0.000000,66.247951,173.067727,209.506257,298.927838,354.538804,452.612720,250.884731,161.807379,110.073080,74.932578,125.521799,200.053873,264.224127,332.793550,403.079303,468.776095,266.059946,230.351210,175.800984,182.424054,204.421302,232.523596,311.438526,377.558349,442.397101,508.552069,320.783810,279.662793,260.886459,238.245668,238.764026,286.900077,349.821720,403.038037,491.955342,518.360538,361.374863,353.643922,299.176629,312.295243,314.357020,350.993841,389.389163,454.830318,497.413981,582.193906,450.071076,404.708116,388.180773,392.251419,417.129940,455.966387,461.709490,530.297618,550.862587,629.956771,477.461031,477.056676,459.902328,458.733570,498.088311,523.929919,515.886013,585.798045,630.342476,675.994809,590.286010,571.513697,523.757680,554.929106,548.257198,567.392150,614.715744,648.296182,702.234988,741.074055,631.625760,618.791032,607.448716,616.213117,646.115132,655.871504,677.301051,708.762850,759.519703,803.332458
14,304.965074,248.666749,165.604828,91.542131,85.992259,99.371802,170.454785,252.459060,330.413613,368.777700,285.593708,239.764001,131.012563,66.247951,0.000000,107.762535,143.269964,233.747790,289.364418,387.236489,310.375692,212.445582,141.864137,86.356711,77.372534,137.541746,200.530229,267.172690,337.124364,402.528144,314.610234,265.691517,190.920243,183.672007,167.157222,186.859060,253.114264,314.058881,378.176109,442.673293,355.019220,306.451405,270.445882,234.533783,209.772223,243.853822,300.465710,346.137049,430.744104,454.158497,389.418434,365.595692,302.216363,304.154674,284.619458,309.329898,340.922736,397.717225,439.589025,519.789362,470.843460,418.736285,384.611558,382.056880,393.267890,418.689973,418.640471,477.865569,495.781521,571.368864,491.374372,481.744247,454.672744,443.917291,472.439775,490.245742,474.066216,540.044173,577.193420,621.985046,602.400204,575.811439,519.721112,541.784279,524.667226,535.233193,576.944876,602.979810,654.362935,687.681552,641.631531,619.426901,598.700782,601.329844,620.504881,625.523732,638.784244,666.137776,714.033700,753.330540
15,408.419734,353.334162,261.563872,182.321469,141.077384,71.551060,91.097560,154.170008,224.450403,261.910762,393.356243,347.346852,238.151271,173.067727,107.762535,0.000000,46.100783,125.997168,181.620541,279.586335,416.671754,315.103418,237.350350,179.713441,109.859708,80.485252,121.051471,171.092805,237.141922,298.113515,413.978549,355.781299,268.153515,247.602972,177.360066,173.056045,190.841246,227.862705,287.147512,342.408204,441.142487,386.876162,334.317412,285.527485,225.995921,225.659648,260.295966,281.801595,349.907542,362.076585,468.231759,426.695865,355.703403,342.161065,288.943624,286.816190,299.888436,330.540857,369.015970,433.519250,539.159300,480.299905,423.988085,411.697590,399.745108,398.255377,385.857274,420.753638,431.360776,496.012498,550.579874,528.861705,488.438392,463.163958,471.913038,473.943401,441.700543,496.999469,515.989535,557.899122,656.729370,619.840627,553.033923,560.193903,525.918505,520.362391,549.852249,559.425681,604.189081,624.202750,692.358169,657.183215,622.610665,615.271204,615.480379,611.681125,608.766435,627.133590,668.170668,696.983811
16,447.819159,391.822546,303.722956,224.930868,186.710953,116.464579,114.801757,151.716852,205.054741,238.974503,426.182475,381.774418,269.292203,209.506257,143.269964,46.100783,0.000000,99.466144,152.926504,248.386670,444.682812,339.633612,258.387963,202.449245,120.215685,54.301630,76.253652,126.525994,194.653998,259.316312,434.363588,370.347927,278.050592,252.127704,164.429206,150.168803,148.414671,181.817967,241.749245,300.269868,451.890605,395.150256,335.324265,282.326078,211.205586,196.931524,222.484292,237.523143,303.806767,317.021180,474.322809,424.230514,351.228847,331.207759,266.051493,254.082001,260.967428,285.515984,323.458524,387.702058,538.733339,477.203509,411.678139,395.522873,374.721585,363.979102,348.037761,376.941336,386.372856,449.982338,545.469332,518.371564,472.700970,441.939607,443.275590,440.072393,403.429204,455.685384,471.240303,512.710043,648.332238,607.058592,536.320906,537.484410,497.308616,486.514825,512.238699,517.726480,561.025797,579.000446,682.030555,641.395967,601.469158,590.409574,584.051104,577.512238,570.075504,586.198739,625.672048,652.624398
17,532.009615,477.819699,382.443266,303.479084,253.797408,171.283967,117.886413,83.116549,106.541659,139.510397,519.333734,473.308497,363.736650,298.927838,233.747790,125.997168,99.466144,0.000000,55.625527,153.717835,541.391501,437.775857,357.328413,300.788519,219.675568,144.831059,117.064048,94.913190,134.280672,179.906390,533.618774,469.704592,376.841171,349.471582,253.346860,229.613327,180.709322,161.101974,200.525201,232.270043,550.455434,493.095204,430.289957,375.277878,296.181810,263.129988,263.760134,245.705344,277.151113,267.613147,571.162273,516.196397,442.350279,416.794454,338.233091,307.508368,295.219472,282.988306,312.040838,346.124607,631.521442,568.303743,494.502332,473.834183,439.601801,408.061257,381.533412,380.209990,379.235217,423.694020,634.422601,602.081502,550.433993,511.974732,499.176112,482.992072,433.230475,471.024361,463.894745,499.900792,733.447737,687.326855,611.949047,603.510666,552.187291,528.415992,541.600781,529.645013,563.778951,564.831964,764.800381,717.387237,669.479692,651.743618,630.768098,616.818609,594.326851,600.595380,631.361152,645.416135
18,586.986201,533.071142,436.848113,358.135756,307.023253,224.068576,162.993544,98.312890,65.485075,89.040046,574.942350,528.931645,419.223001,354.538804,289.364418,181.620541,152.926504,55.625527,0.000000,98.202933,596.554664,492.364261,411.313821,355.222999,272.484216,193.350570,152.540565,100.277172,105.590189,132.023628,587.134355,521.570381,427.634390,398.599863,297.560183,269.587844,202.216943,156.234809,177.378443,189.605294,600.556227,542.432461,476.822284,420.535558,337.280311,295.229079,283.150957,248.554525,257.837243,234.989884,619.038462,559.847285,485.763621,456.586661,371.239358,331.294645,309.336087,277.450148,299.985164,315.435447,675.418287,611.041734,531.774058,508.393454,466.538214,423.839915,392.123450,374.013461,367.206438,399.773077,675.231899,639.236296,583.939003,541.025754,520.013765,496.639036,440.467822,469.376415,449.717434,482.049373,771.028549,721.677564,643.647381,629.239307,571.751829,540.780938,546.646388,525.062529,553.594622,545.307708,800.577432,748.714192,695.944150,674.213052,644.715719,626.606968,595.784574,596.432892,621.992929,628.798965
19,685.002795,631.234503,534.500387,456.005917,403.909074,320.904380,255.346257,175.765546,88.307061,58.638134,672.705976,626.930597,516.592171,452.612720,387.236489,279.586335,248.386670,153.717835,98.202933,0.000000,693.044032,587.784205,505.832595,450.641123,365.907599,282.998528,231.554779,159.829330,112.155123,70.876603,680.446954,612.240911,517.050314,485.738446,379.372169,346.721054,260.326371,185.392268,168.895925,131.469439,688.024845,628.918953,559.369191,501.749018,413.972311,360.941409,331.630770,274.861551,243.968078,195.754097,702.776890,637.200612,563.455622,529.158338,435.558934,383.578410,348.265292,286.894274,295.782471,273.129534,752.354134,686.533142,599.417551,572.139467,519.207077,460.073005,421.192309,375.448676,358.468816,366.737664,747.130038,705.503560,644.949842,595.559845,561.759062,527.186516,462.098410,474.773220,433.256057,457.624620,836.956467,782.632412,701.024125,677.049400,610.370009,568.101096,561.420938,523.588916,541.324951,516.007817,863.308410,804.436572,744.130560,716.032211,672.684234,647.824480,603.240254,593.985382,609.706503,603.162470
20,158.629670,145.514315,227.619445,274.358408,333.691147,400.079847,475.857096,561.614873,640.653774,678.572982,62.097545,100.159886,179.606076,250.884731,310.375692,416.671754,444.682812,541.391501,596.554664,693.044032,0.000000,109.041004,192.223034,243.331527,330.646028,416.839434,479.117141,555.192655,626.678501,698.517037,83.438032,146.979216,216.733893,255.097017,357.653050,397.492315,500.628134,583.982714,650.120446,728.594666,182.500776,196.146076,254.483238,287.571496,358.482658,431.465726,502.946206,577.815659,680.378753,723.255872,235.361455,296.201773,296.140822,342.018210,412.179515,478.445395,534.060425,626.405376,669.298662,773.521450,331.454293,323.594023,378.120284,404.873266,472.175433,551.972264,578.021993,676.695746,707.255790,798.865073,380.798729,416.164855,439.617640,473.801325,546.187077,598.306150,621.643007,700.814551,773.675777,820.972666,484.350852,497.630966,488.094894,549.059888,582.203171,631.310290,695.832036,757.182718,818.724623,880.390375,529.327492,553.308996,578.730644,609.739690,677.535505,704.715901,756.664894,802.821145,862.870603,924.589939
21,199.296546,154.553931,183.071241,199.746856,253.727981,308.311786,382.285969,464.732583,539.497185,576.318354,118.076942,103.955882,90.221334,161.807379,212.445582,315.103418,339.633612,437.775857,492.364261,587.784205,109.041004,0.000000,83.469633,137.185119,223.125777,309.003984,370.631900,447.004704,518.370046,590.759236,104.258804,89.798303,116.056967,152.431460,249.651445,289.268365,391.806077,474.944567,541.079541,619.819235,172.065931,149.587602,176.494524,193.996710,254.320677,325.800828,397.298029,470.366822,572.179415,614.277771,220.599867,246.200992,221.430305,259.016930,314.111217,376.360388,430.036605,519.588513,562.686242,665.327948,317.357621,287.803817,312.131215,331.512600,387.387839,458.089079,479.933202,573.899097,603.026509,693.247445,356.158886,374.552698,380.692600,402.363035,465.661386,511.039401,526.610232,604.620796,672.162776,719.443682,467.870065,464.952077,437.425552,487.766139,507.159284,547.686003,608.225335,663.017404,723.270164,780.311798,511.875628,517.918419,527.448659,550.062388,605.160740,626.952470,670.303855,712.881190,771.002658,828.728633
22,252.785212,198.504570,179.687598,160.955711,202.601360,241.112823,311.523500,389.913790,460.663209,496.525514,191.045438,160.702048,67.113117,110.073080,141.864137,237.350350,258.387963,357.328413,411.313821,505.832595,192.223034,83.469633,0.000000,57.757700,140.238421,225.759205,287.163394,363.578984,434.915229,507.446206,176.733631,124.179904,71.422343,92.907873,170.857976,209.529706,310.082769,392.003888,458.225560,536.407403,214.222510,169.909239,155.784773,146.887008,183.757417,250.959284,321.759668,391.407314,491.641884,531.851383,252.166142,245.627974,197.513153,220.613069,251.739478,306.604063,356.764477,441.539627,484.834152,584.698992,339.998083,295.665125,289.430830,299.605843,339.940396,398.000115,414.268850,501.379618,528.462276,616.524554,368.200167,371.377410,361.179109,369.219484,420.825665,457.822791,464.175266,540.062460,600.819962,647.896998,481.215836,465.452006,423.265046,461.967286,467.174419,497.879244,553.299638,600.347623,658.770238,710.277735,523.065718,514.462122,509.884936,524.215813,566.025983,582.103066,616.069618,654.483593,710.159578,763.276252
23,277.556360,220.419772,171.988002,128.589132,157.413717,185.582710,254.444161,332.165559,403.416652,439.668712,232.304036,193.935542,80.037195,74.932578,86.356711,179.713441,202.449245,300.788519,355.222999,450.641123,243.331527,137.185119,57.757700,0.000000,87.884650,174.080869,237.502512,312.641301,384.235046,455.366977,234.265417,179.925358,106.874815,108.074909,142.192773,176.421105,269.308499,346.322955,412.588433,487.384388,268.800310,220.299151,189.984996,163.533126,169.376286,225.908758,293.519682,356.000643,452.200397,487.440580,303.262932,284.394063,226.125303,237.407043,243.859614,287.337142,331.340846,407.301063,450.568755,544.611692,386.372884,336.724647,313.914662,317.338819,343.741753,388.035296,397.754678,475.067830,499.033286,583.282819,409.606230,405.124262,385.493553,383.863001,424.916514,453.674122,450.542184,523.154959,575.262276,621.777600,521.705053,499.616615,449.621174,479.996550,474.457285,496.283097,546.227694,584.951161,640.937359,685.719603,562.096382,545.825404,532.741551,541.297533,572.632418,583.817304,609.031166,643.075026,695.884656,743.783863
24,358.059774,300.577185,232.672096,165.601465,161.658796,146.013503,197.745320,263.010820,325.000322,359.174099,319.692317,279.605858,164.420303,125.521799,77.372534,109.859708,120.215685,219.675568,272.484216,365.907599,330.646028,223.125777,140.238421,87.884650,0.000000,86.259261,149.708929,224.798400,296.382484,367.876176,314.781383,250.258560,159.367791,137.780651,90.671922,109.976871,187.213704,259.740782,325.835428,399.544201,333.131517,277.732440,224.887187,178.397568,135.793692,166.656009,225.529128,277.826751,369.344193,401.130984,358.617021,318.139379,248.610216,240.941138,209.122522,232.070857,265.618435,329.611280,372.377535,460.855417,429.712723,371.843272,322.919917,315.598032,319.154356,341.334484,341.709535,405.134630,425.341281,505.095235,442.888499,425.055074,390.620600,373.838645,397.267279,413.140983,396.971713,463.917177,505.060105,550.574489,550.738695,517.668517,455.793684,471.917953,450.036954,458.303415,499.575004,526.759730,579.114421,615.774242,587.703197,558.051153,531.064647,530.231371,544.968614,548.820101,561.442251,589.283987,637.926493,679.176127
25,438.401386,381.195773,303.131072,227.869761,202.608023,148.815516,165.569189,205.329255,251.273951,281.985613,405.243964,363.962710,248.929794,200.053873,137.541746,80.485252,54.301630,144.831059,193.350570,282.998528,416.839434,309.003984,225.759205,174.080869,86.259261,0.000000,64.693881,138.560485,210.155539,281.766751,398.035784,329.340541,234.609158,205.315980,110.833846,96.347332,118.616364,177.549543,242.773117,313.719596,407.211870,349.144010,285.487345,230.930392,157.032859,145.940511,181.081207,212.054607,293.214866,318.629929,426.484661,372.431041,298.951688,277.308680,212.638049,206.349948,221.202182,262.927556,303.880399,382.451314,487.445713,425.037647,357.518951,341.234097,322.215473,317.776834,306.238811,348.247619,362.615433,434.772804,492.554808,464.359450,418.410042,388.318187,392.622490,393.460870,362.215843,419.871590,445.837913,489.397485,594.576831,552.803659,482.086004,484.313610,446.675701,439.883184,469.963695,482.634767,529.596329,555.532274,627.973535,587.124210,547.914498,538.005734,535.356862,531.197467,529.328688,549.369731,592.315351,625.024016
26,502.935523,445.785571,365.921858,289.266927,258.097778,192.363374,184.274138,194.529948,216.409993,240.690083,469.344955,428.499608,313.386178,264.224127,200.530229,121.051471,76.253652,117.064048,152.540565,231.554779,479.117141,370.631900,287.163394,237.502512,149.708929,64.693881,0.000000,77.030659,147.842731,221.478188,456.018601,384.013779,288.071124,255.142855,147.874457,117.257198,74.074798,113.531389,178.226849,249.894351,457.053997,397.674050,327.955571,270.597411,185.044582,146.079271,153.664320,161.271841,232.081102,254.157431,471.264854,408.187347,334.123707,304.046278,221.398075,192.796411,189.773749,209.504967,248.141694,319.549672,523.732120,458.916230,379.729445,357.629310,322.917167,298.103020,277.450709,300.741024,310.342987,376.424752,522.701490,487.298763,433.928455,394.930459,384.772350,374.052152,331.944277,380.911580,395.088267,436.848210,618.997462,571.181457,495.062289,486.905501,438.291993,420.210365,441.100745,442.580425,484.998002,503.151640,649.310734,600.474937,552.673477,536.130744,520.465530,510.342821,497.609482,511.590519,549.947491,576.382240
27,572.031046,515.417214,429.942290,351.360828,312.042154,236.061752,202.668679,176.842851,165.003758,179.750554,543.427777,501.307927,386.678269,332.793550,267.172690,171.092805,126.525994,94.913190,100.277172,159.829330,555.192655,447.004704,363.578984,312.641301,224.798400,138.560485,77.030659,0.000000,71.598591,144.448507,533.049136,460.771776,364.756792,331.202931,221.943187,187.582499,104.076754,66.700252,116.849251,176.053735,532.496333,472.822150,401.130460,343.156467,254.415398,202.242752,183.249298,152.159936,186.863020,191.063589,544.701760,477.453051,403.801029,369.445799,277.709427,232.398779,209.153050,188.075781,217.970513,264.341840,592.543172,526.705870,440.840718,414.950035,368.277049,323.618499,292.791135,285.303674,284.893468,334.544846,587.678984,547.552335,489.206725,443.538355,419.916161,396.741252,342.444887,376.782474,369.853834,406.977246,679.282843,627.139520,547.408167,530.130384,471.512789,441.190213,449.836903,434.941023,468.947068,472.419601,707.031978,651.996454,596.998914,574.254484,544.865719,527.843756,501.127118,505.990088,536.465473,551.745344
28,642.077589,585.726292,498.180450,419.145908,376.541397,297.264326,251.928224,202.484985,154.874668,152.402028,614.942719,572.589831,458.108903,403.079303,337.124364,237.141922,194.653998,134.280672,105.590189,112.155123,626.678501,518.370046,434.915229,384.235046,296.382484,210.155539,147.842731,71.598591,0.000000,75.619876,603.290313,529.903111,433.847516,399.311581,288.532870,251.902115,155.091506,73.485211,71.974145,105.624323,599.234031,539.271339,465.461150,407.192287,316.598762,256.557308,220.770225,163.283106,152.725304,133.373819,608.792932,537.258386,464.519547,426.512337,329.076469,273.134396,236.127765,180.719544,197.603265,212.513527,651.297738,584.722987,493.160289,464.198342,408.103742,348.084505,310.003797,274.512333,264.099909,294.394147,642.513553,598.042244,535.625339,484.610851,449.607289,416.062066,352.869672,372.318786,345.289190,376.669469,728.934974,672.906984,590.474800,565.038444,498.368567,457.741808,455.022745,425.278451,450.429791,439.736525,754.001565,693.344200,632.107051,603.914735,562.401580,539.360958,500.283069,496.534616,519.008159,523.492565
29,706.341250,650.785556,559.269626,479.977510,432.895395,350.907568,294.525780,226.422563,150.673727,128.396510,684.286228,640.717834,527.180006,468.776095,402.528144,298.113515,259.316312,179.906390,132.023628,70.876603,698.517037,590.759236,507.446206,455.366977,367.876176,281.766751,221.478188,144.448507,75.619876,0.000000,677.494093,604.841057,508.783103,474.586717,364.041072,327.521963,229.593800,143.168172,107.374878,62.458687,674.799102,614.855778,541.050332,482.775262,392.065901,330.709253,289.810905,222.525045,176.313392,124.882961,684.340523,612.075983,539.611233,500.756972,401.887794,342.423003,299.820660,225.944121,229.676180,202.627733,725.730073,658.999281,565.611919,535.494474,475.300895,407.361193,365.545040,309.697584,290.255443,295.877962,715.622486,669.439731,605.331752,551.869001,510.596405,470.668888,402.419350,409.160101,363.234876,386.857903,799.659113,741.819550,658.245075,628.258355,557.005515,509.691047,498.142104,455.862977,471.543301,445.138682,823.337581,759.774388,695.062849,663.530322,613.763805,586.321329,537.412000,525.756078,539.777561,532.293220
30,238.197555,214.348449,275.207001,302.653532,357.741827,411.778364,485.002765,565.792312,637.364101,672.988807,139.434314,161.843335,194.250305,266.059946,314.610234,413.978549,434.363588,533.618774,587.134355,680.446954,83.438032,104.258804,176.733631,234.265417,314.781383,398.035784,456.018601,533.049136,603.290313,677.494093,0.000000,81.305618,172.171803,209.956157,320.468794,360.293319,465.612174,553.011805,617.987967,701.154489,99.267308,117.455183,186.011518,229.099212,310.936029,385.229115,455.430506,534.535867,639.369250,688.294176,152.366242,214.938329,223.735677,272.874513,354.141768,424.556569,482.692279,580.583731,622.521325,731.892304,249.415561,240.269325,299.952387,329.180548,401.569918,487.358550,517.476602,621.754381,654.658263,748.677860,297.736055,332.927672,358.768936,396.486297,472.316605,528.028237,557.455600,637.203086,716.107288,763.182506,402.720966,414.286567,405.517912,468.150165,505.497610,558.515440,625.132891,691.283135,753.739642,820.328615,447.680681,469.911336,496.001417,528.260842,599.321498,628.550086,684.847187,733.242872,794.535311,859.585877
31,279.142758,240.606869,271.057767,276.479686,324.226487,365.053175,434.243206,509.777296,575.258425,609.080338,185.859812,187.561054,167.345116,230.351210,265.691517,355.781299,370.347927,469.704592,521.570381,612.240911,146.979216,89.798303,124.179904,179.925358,250.258560,329.340541,384.013779,460.771776,529.903111,604.841057,81.305618,0.000000,96.061492,131.847983,243.519529,282.836654,388.130125,476.587031,540.836640,625.523835,90.488349,60.016332,107.854438,147.819603,230.609105,304.842361,374.628935,454.356425,559.493185,609.971613,133.548748,159.287242,149.204019,195.497511,272.991912,343.251784,401.452136,499.859030,541.617486,651.750272,228.518406,198.377632,233.673903,258.516175,325.471523,407.991299,436.918417,540.509245,573.352646,667.418386,266.361327,286.570527,298.748398,328.137024,399.231664,451.781960,478.002813,557.611659,635.146015,682.270147,378.194617,375.824208,352.359229,407.544245,435.965077,484.353111,549.246287,612.633302,674.736264,739.849943,422.120069,429.308552,442.979687,469.238879,532.102231,558.146058,609.855538,656.621965,717.178280,780.640087
32,310.364307,259.713672,250.967119,228.779241,263.924140,288.223293,351.884928,422.079385,483.027806,515.752808,234.133874,214.942574,137.949194,175.800984,190.920243,268.153515,278.050592,376.841171,427.634390,517.050314,216.733893,116.056967,71.422343,106.874815,159.367791,234.609158,288.071124,364.756792,433.847516,508.783103,172.171803,96.061492,0.000000,38.651164,148.378106,188.133094,293.475652,381.261266,445.965983,529.901102,173.900410,118.775096,85.322282,80.070930,142.010602,215.684925,286.911614,363.914010,468.121286,516.131201,200.836933,178.126207,126.125899,151.249212,198.106956,261.944617,317.345081,411.269110,453.823993,560.945163,279.969633,230.009208,218.029613,229.215883,275.190047,342.183466,364.051187,460.102800,490.531190,582.483274,302.900697,301.575734,289.759012,299.367852,355.105794,396.831388,410.567781,488.582115,557.573010,604.879375,415.271891,395.941701,351.925147,391.070253,399.622109,434.890483,493.613301,546.992589,607.216921,665.108603,456.132977,444.063210,438.471709,453.409710,498.389613,516.761014,555.985645,597.457902,655.181053,712.698466
33,342.323493,289.727462,269.424525,236.252846,263.417900,276.407838,334.862285,399.916899,456.001088,487.301589,270.179831,247.789920,159.139062,182.424054,183.672007,247.602972,252.127704,349.471582,398.599863,485.738446,255.097017,152.431460,92.907873,108.074909,137.780651,205.315980,255.142855,331.202931,399.311581,474.586717,209.956157,131.847983,38.651164,0.000000,111.740628,150.994979,256.317962,344.772450,409.003763,493.822224,202.339855,143.834262,88.046820,56.230656,103.438115,177.033763,248.275708,325.374032,429.740945,478.513062,222.216769,182.849340,119.008437,130.821321,162.496238,224.153623,278.987563,372.624479,415.172878,522.494150,292.324282,236.413032,205.855723,210.788624,247.036650,307.962510,327.786167,422.105386,452.189048,543.921718,308.583055,298.620803,277.501190,278.978275,327.969146,365.595769,375.526850,452.879396,519.944856,567.242441,418.916917,392.958453,341.547964,373.734409,374.757853,405.169364,461.609742,511.999891,571.636595,627.898135,457.960274,438.206722,425.095481,435.524676,473.576559,489.197837,524.262371,564.074387,620.903947,676.870267
34,418.067167,361.457156,310.235610,251.073713,252.246923,230.188102,268.276772,316.033248,358.747516,386.539138,361.882666,329.890694,220.607626,204.421302,167.157222,177.360066,164.429206,253.346860,297.560183,379.372169,357.653050,249.651445,170.857976,142.192773,90.671922,110.833846,147.874457,221.943187,288.532870,364.041072,320.468794,243.519529,148.378106,111.740628,0.000000,40.050548,145.155285,233.069426,297.589653,382.083584,310.819834,250.988016,180.094701,123.050096,48.707972,83.754248,152.132853,220.871723,322.726381,368.088934,323.406169,262.903806,189.004902,166.849632,118.664753,146.645786,189.249591,270.712316,313.990711,415.868442,378.341130,314.976721,247.822807,234.337538,229.361693,252.716086,257.402826,333.360829,358.650007,445.720430,381.844668,354.085985,311.126796,287.579332,306.771942,323.243283,311.468234,382.049571,433.449831,480.143477,483.904462,443.597095,375.674205,385.346739,359.751878,368.094386,411.449726,444.288103,499.314848,543.760293,517.785183,479.925867,446.434977,442.359065,454.336089,458.382629,473.764040,504.343132,555.453380,601.749293
35,453.797006,396.790187,339.623803,275.420823,268.705825,234.376845,261.379117,298.669291,332.704431,357.939537,400.518666,367.257164,256.058585,232.523596,186.859060,173.056045,150.168803,229.613327,269.587844,346.721054,397.492315,289.268365,209.529706,176.421105,109.976871,96.347332,117.257198,187.582499,251.902115,327.521963,360.293319,282.836654,188.133094,150.994979,40.050548,0.000000,105.365965,193.990685,258.010716,343.306645,347.669387,287.606736,213.834764,155.694230,67.792792,57.371501,117.761145,181.895611,282.930083,328.112017,357.372035,291.107084,217.106799,187.421172,116.407872,122.836349,156.900590,232.332426,275.670705,376.080901,406.600145,341.661483,265.052610,246.251800,226.730812,233.691007,231.799073,299.188288,322.614136,407.920102,405.777975,372.569153,323.378018,291.971348,299.518017,307.347597,287.218879,354.099671,399.427253,445.708783,503.841982,459.008060,386.520178,388.111648,353.403618,353.255155,390.937774,416.883379,469.855755,510.064568,535.593598,491.773667,451.570640,442.389585,444.719531,444.453025,452.399566,479.345278,528.082555,570.837348
36,544.871453,487.389584,417.381407,344.505145,321.193075,262.297421,258.346344,262.423036,267.644338,283.823572,499.668340,463.191477,348.984941,311.438526,253.114264,190.841246,148.414671,180.709322,202.216943,260.326371,500.628134,391.806077,310.082769,269.308499,187.213704,118.616364,74.074798,104.076754,155.091506,229.593800,465.612174,388.130125,293.475652,256.317962,145.155285,105.365965,0.000000,89.960673,152.729464,239.276503,450.612076,390.498282,314.068029,255.932754,164.416298,101.507623,83.050826,93.498844,182.898438,223.125592,456.466951,382.486132,310.215369,271.421692,175.249447,129.096710,116.473024,144.731065,186.491867,275.401105,496.257266,429.640530,339.239897,311.927911,264.489052,227.559667,204.071529,230.398858,244.013502,318.635033,487.830451,445.178259,385.518369,339.514667,319.245088,302.914952,258.130768,307.327792,327.317060,370.783175,576.673842,523.424250,443.356858,427.030380,371.869689,348.708526,367.302387,369.311815,413.353634,436.917095,603.610642,547.920150,493.728989,472.783956,450.346060,438.129531,423.552159,437.918625,477.471683,507.093351
37,615.848951,558.567991,479.384960,402.373503,368.312702,296.364748,268.512964,241.785572,216.292886,221.256333,578.586145,539.335909,424.160187,377.558349,314.058881,227.862705,181.817967,161.101974,156.234809,185.392268,583.982714,474.944567,392.003888,346.322955,259.740782,177.549543,113.531389,66.700252,73.485211,143.168172,553.011805,476.587031,381.261266,344.772450,233.069426,193.990685,89.960673,0.000000,66.310192,149.452595,540.491863,480.371451,404.011900,345.891740,254.366586,188.939198,147.645243,93.472340,122.692864,141.426567,546.241811,470.797553,399.220022,358.647879,258.835466,200.169830,163.020192,122.641032,151.270437,206.544388,583.658348,516.768006,422.450374,392.455841,334.725997,275.913991,239.709507,219.937130,218.246269,270.114653,572.560502,526.400352,462.993090,411.266866,376.695486,345.530684,285.540946,313.558456,303.157326,340.450653,656.866836,600.008874,517.251445,491.659694,426.033745,388.290787,390.711312,370.398659,402.771366,406.035703,681.270135,619.934056,558.739267,531.178355,492.828636,472.165486,439.578085,441.661212,470.518466,485.052172
38,681.150807,623.967993,542.941149,465.192607,428.224201,352.910842,315.926683,273.322552,225.369439,217.989851,644.868928,605.438808,490.244804,442.397101,378.176109,287.147512,241.749245,200.525201,177.378443,168.895925,650.120446,541.079541,458.225560,412.588433,325.835428,242.773117,178.226849,116.849251,71.974145,107.374878,617.987967,540.836640,445.965983,409.003763,297.589653,258.010716,152.729464,66.310192,0.000000,90.532672,602.284151,542.246625,464.649731,406.941375,315.538839,246.395313,193.621003,118.329563,80.814822,75.987393,605.542809,526.714591,456.757244,413.527360,311.041460,245.283204,197.024507,118.872700,128.150804,147.666813,637.645707,570.580380,471.951131,439.514161,373.850846,301.088180,258.446908,207.062892,193.443604,223.740652,622.851280,572.893025,506.253454,450.053950,404.660445,363.342820,295.226018,306.140768,273.580217,304.716449,701.462636,641.192982,556.556581,523.117444,450.214438,402.358617,392.669546,356.625045,379.356351,367.985787,723.049397,656.566387,589.664808,556.878559,506.519365,479.829657,434.593237,427.587970,447.981842,451.525285
39,747.638062,691.209932,603.692367,524.592642,480.952440,400.549983,349.428541,286.350475,213.109210,189.875249,718.963547,677.261919,562.475484,508.552069,442.673293,342.408204,300.269868,232.270043,189.605294,131.469439,728.594666,619.819235,536.407403,487.384388,399.544201,313.719596,249.894351,176.053735,105.624323,62.458687,701.154489,625.523835,529.901102,493.822224,382.083584,343.306645,239.276503,149.452595,90.532672,0.000000,689.887933,629.772658,553.053281,495.050378,403.502649,335.936728,284.081516,206.806025,134.346948,69.635034,694.725453,616.924299,546.537457,503.852244,401.545545,335.522978,285.524141,196.104274,189.190401,142.254449,728.128453,661.065474,562.365516,529.649209,462.256349,384.537723,339.500365,267.852209,243.129283,237.195041,713.283787,662.790662,595.472003,538.033323,488.235237,441.635592,369.670096,366.183959,310.070824,330.119704,790.790953,729.535879,644.399736,607.657686,531.298898,477.511752,458.515110,408.195773,418.645966,386.351154,811.480983,743.082740,673.628584,638.066845,580.005785,548.904086,493.048863,476.609724,486.215278,474.129044
40,336.649032,308.617793,354.983367,366.186998,414.684087,454.355399,522.201750,595.292034,656.774811,689.020699,238.009938,254.966897,256.310668,320.783810,355.019220,441.142487,451.890605,550.455434,600.556227,688.024845,182.500776,172.065931,214.222510,268.800310,333.131517,407.211870,457.053997,532.496333,599.234031,674.799102,99.267308,90.488349,173.900410,202.339855,310.819834,347.669387,450.612076,540.491863,602.284151,689.887933,0.000000,60.122779,138.944506,195.527226,286.747795,357.976168,423.053254,505.708521,611.223859,667.419483,53.255545,127.203262,161.175435,213.113124,309.830673,383.639956,443.569560,546.947156,586.614902,701.292279,151.266317,143.028682,217.973844,252.078358,332.653339,426.913776,463.038397,573.909099,609.733863,705.874398,198.480087,235.752877,268.728290,314.130108,395.625681,457.018845,496.283369,575.726927,662.927724,709.131264,304.632646,315.140349,310.402111,376.990518,422.886352,482.619035,552.155866,625.519255,688.820122,762.340647,349.504130,370.879959,400.158389,435.482581,513.016462,545.913319,609.428352,661.163566,724.010878,793.820014
41,337.188258,300.287745,329.192581,328.682692,372.505440,405.111389,470.367397,540.679337,599.580097,631.127875,241.795645,246.989912,222.086091,279.662793,306.451405,386.876162,395.150256,493.095204,542.432461,628.918953,196.146076,149.587602,169.909239,220.299151,277.732440,349.144010,397.674050,472.822150,539.271339,614.855778,117.455183,60.016332,118.775096,143.834262,250.988016,287.606736,390.498282,480.371451,542.246625,629.772658,60.122779,0.000000,80.355044,135.726675,226.734018,298.368026,364.266755,446.620844,552.213501,607.712526,82.969630,101.267385,109.557241,160.883145,252.938504,326.327518,386.086568,488.663293,528.824019,642.742654,171.752717,138.361595,182.643715,211.891997,286.581593,376.546809,410.210781,519.091685,554.127513,649.856391,206.874632,227.084657,243.675907,279.060735,355.374064,412.705242,446.488105,526.268826,610.108601,656.715435,319.211695,315.827941,294.624863,353.066190,388.045495,441.861241,509.347534,578.362496,641.299823,711.595946,362.850824,369.447201,385.411483,414.066980,482.155110,511.096562,568.448150,617.877450,679.781614,746.877145
42,375.652094,330.102702,333.873705,314.043459,347.363623,364.376705,422.473627,485.175129,536.604919,565.861816,288.271913,280.448854,220.719382,260.886459,270.445882,334.317412,335.324265,430.289957,476.822284,559.369191,254.483238,176.494524,155.784773,189.984996,224.887187,285.487345,327.955571,401.130460,465.461150,541.050332,186.011518,107.854438,85.322282,88.046820,180.094701,213.834764,314.068029,404.011900,464.649731,553.053281,138.944506,80.355044,0.000000,58.286553,149.653308,219.334470,284.171517,366.765101,472.292022,528.778878,143.573453,95.158042,44.996650,87.643380,172.846650,246.036877,305.752945,408.371494,448.469816,562.548731,204.852539,148.510451,137.007715,155.113521,217.701767,301.364790,332.539817,439.768252,474.353689,569.865783,220.962426,216.266640,207.629024,225.910858,292.568812,343.944660,371.467421,451.236566,532.023503,578.871239,332.162679,310.666657,268.214437,312.452041,331.618499,377.015701,441.429734,505.387540,567.754775,634.997275,372.157417,358.824431,356.161808,374.900589,429.124081,452.692482,502.182249,548.771506,609.421240,673.618036
43,390.295726,339.757791,325.157923,292.037672,316.738512,322.661963,375.458844,433.443321,481.214328,509.542308,311.533983,294.740016,213.860297,238.245668,234.533783,285.527485,282.326078,375.277878,420.535558,501.749018,287.571496,193.996710,146.887008,163.533126,178.397568,230.930392,270.597411,343.156467,407.192287,482.775262,229.099212,147.819603,80.070930,56.230656,123.050096,155.694230,255.932754,345.891740,406.941375,495.050378,195.527226,135.726675,58.286553,0.000000,91.548354,162.686736,229.694568,311.419897,417.039624,471.985946,201.694309,141.956475,70.273389,74.610317,125.417616,195.605264,254.298229,354.724901,395.729879,508.156400,256.547417,195.206947,150.914950,154.558159,195.122471,265.119700,290.603038,392.699574,425.630793,520.026871,265.054172,247.894697,222.151818,222.984675,275.192611,317.233052,334.411773,413.343794,487.749296,534.947289,372.348783,341.557252,286.630184,317.504194,320.483877,354.872994,414.284437,470.416028,531.495948,593.332455,409.660614,384.982391,369.219517,379.316468,419.331515,436.821083,476.477344,518.979450,577.530845,637.287079
44,436.315779,381.191022,341.222964,288.601528,295.681004,278.260429,316.826116,362.217756,400.097747,425.714101,370.943688,344.278464,242.313396,238.764026,209.772223,225.995921,211.205586,296.181810,337.280311,413.972311,358.482658,254.320677,183.757417,169.376286,135.793692,157.032859,185.044582,254.415398,316.598762,392.065901,310.936029,230.609105,142.010602,103.438115,48.707972,67.792792,164.416298,254.366586,315.538839,403.502649,286.747795,226.734018,149.653308,91.548354,0.000000,74.293106,145.013664,223.747343,328.965367,381.537253,292.390249,223.421219,149.513098,120.788275,75.790162,122.966455,175.814387,269.819178,312.102736,421.141331,338.861817,273.871656,200.486765,185.747572,183.626951,218.678236,230.925400,319.612210,348.968922,440.484786,338.404067,307.427927,262.656272,239.282532,262.732546,285.175604,282.196370,356.788611,418.238806,465.466560,438.041735,395.916701,327.080227,337.200281,314.910631,328.741380,376.894584,417.686490,475.353490,527.104900,470.978568,431.495551,397.881523,394.783779,410.905325,417.801068,439.677739,474.196239,528.130348,579.610334
45,500.892032,444.568561,393.375923,331.504253,326.073159,289.829930,311.032111,338.588659,360.339524,380.656980,440.947200,411.326738,303.859694,286.900077,243.853822,225.659648,196.931524,263.129988,295.229079,360.941409,431.465726,325.800828,250.959284,225.908758,166.656009,145.940511,146.079271,202.242752,256.557308,330.709253,385.229115,304.842361,215.684925,177.033763,83.754248,57.371501,101.507623,188.939198,246.395313,335.936728,357.976168,298.368026,219.334470,162.686736,74.293106,0.000000,71.528062,149.575970,254.985053,309.463354,359.178405,281.858370,210.634527,170.050958,76.015236,65.519029,106.076623,195.651823,238.139696,346.938205,395.030031,328.295832,238.629582,213.300363,178.568457,176.448630,175.276380,250.650134,277.678533,367.544208,386.460760,345.346398,288.736021,249.047687,246.717032,250.572897,230.334236,298.906074,350.471443,397.367126,477.119483,426.449417,349.156676,342.296246,300.774871,296.670984,333.573785,361.410597,415.762934,460.525089,505.575764,454.516648,407.457385,393.806873,389.910371,387.986003,395.098617,422.831779,472.641499,518.005061
46,570.170749,513.463226,457.068127,390.860449,377.956175,329.881279,336.040528,345.316943,348.212978,361.319454,512.158854,481.709904,372.591282,349.821720,300.465710,260.295966,222.484292,263.760134,283.150957,331.630770,502.946206,397.298029,321.759668,293.519682,225.529128,181.081207,153.664320,183.249298,220.770225,289.810905,455.430506,374.628935,286.911614,248.275708,152.132853,117.761145,83.050826,147.645243,193.621003,284.081516,423.053254,364.266755,284.171517,229.694568,145.013664,71.528062,0.000000,83.238596,188.282512,248.359825,419.587937,336.068545,269.089759,222.648116,118.927534,52.615947,40.676767,125.257630,167.148606,278.534182,445.000781,377.973455,278.339218,246.407999,187.579064,144.784110,125.681326,181.568825,206.733785,296.016207,429.230826,380.186442,315.547479,263.955732,236.940591,220.510298,181.413351,240.452462,281.793887,328.258405,509.927416,452.379659,369.705227,347.366530,289.157035,266.582654,289.867110,303.445876,353.900508,392.367248,533.707804,472.810265,414.371525,391.065954,367.526707,356.703148,348.471818,368.864710,414.120517,453.680150
47,633.297655,575.947570,509.606553,437.634211,414.532322,353.321674,341.155274,328.522633,309.660978,314.173536,582.413638,548.640625,436.037020,403.038037,346.137049,281.801595,237.523143,245.705344,248.554525,274.861551,577.815659,470.366822,391.407314,356.000643,277.826751,212.054607,161.271841,152.159936,163.283106,222.525045,534.535867,454.356425,363.914010,325.374032,220.871723,181.895611,93.498844,93.472340,118.329563,206.806025,505.708521,446.620844,366.765101,311.419897,223.747343,149.575970,83.238596,0.000000,105.621215,165.702678,502.826144,418.849152,352.323893,305.538809,201.719747,130.972882,78.803910,51.793224,94.707736,197.395069,526.590654,459.688987,357.671047,323.803289,255.670247,185.532874,146.800680,139.651043,150.578952,227.543910,508.455880,456.368372,388.667947,331.765688,288.257728,252.838741,192.166969,225.506436,234.407529,277.391373,583.991746,523.031100,438.257343,405.749576,335.745635,295.046751,298.201275,285.165347,324.374035,343.586432,604.930039,538.326508,472.537822,441.828061,399.659042,378.725992,348.976038,355.624099,390.212312,415.198178
48,727.377082,669.889106,596.289812,520.791557,489.623657,418.957797,389.462690,352.754880,305.824285,296.290323,681.991175,646.052961,531.871948,491.955342,430.744104,349.907542,303.806767,277.151113,257.837243,243.968078,680.378753,572.179415,491.641884,452.200397,369.344193,293.214866,232.081102,186.863020,152.725304,176.313392,639.369250,559.493185,468.121286,429.740945,322.726381,282.930083,182.898438,122.692864,80.814822,134.346948,611.223859,552.213501,472.292022,417.039624,328.965367,254.985053,188.282512,105.621215,0.000000,72.101134,607.403576,521.810017,456.818889,408.986590,305.397062,232.605667,174.628482,70.737448,54.865144,93.150834,627.138226,560.627617,455.888795,420.181082,344.789135,257.896277,210.813524,134.260605,114.532455,147.712220,605.570385,549.926386,479.473128,418.165124,360.473901,309.561368,236.257017,233.433535,192.851066,224.296245,673.921525,609.301184,523.226129,480.346558,400.679414,343.913626,324.510497,279.739403,299.217348,288.240836,691.135948,618.346889,545.265394,507.101518,445.871494,414.599607,361.372300,350.017884,367.842245,370.970424
49,757.031133,699.812076,618.847420,540.969142,503.090490,426.518224,385.050648,333.270213,270.547746,252.702015,719.571013,680.694915,565.539600,518.360538,454.158497,362.076585,317.021180,267.613147,234.989884,195.754097,723.255872,614.277771,531.851383,487.440580,401.130984,318.629929,254.157431,191.063589,133.373819,124.882961,688.294176,609.971613,516.131201,478.513062,368.088934,328.112017,223.125592,141.426567,75.987393,69.635034,667.419483,607.712526,528.778878,471.985946,381.537253,309.463354,248.359825,165.702678,72.101134,0.000000,667.170290,584.397739,516.986913,471.001236,367.227586,296.509125,241.065220,141.155393,125.042448,80.654453,692.201687,625.341887,522.486192,487.703149,414.629053,329.714867,282.837720,201.242557,174.336324,171.166584,672.922308,618.822915,549.177381,488.808030,432.502416,381.381261,307.553198,298.383659,240.605809,262.161789,744.083456,680.229763,594.295759,552.373685,472.716045,414.895301,391.847156,338.869199,349.191483,320.340081,762.139258,690.121919,617.358880,579.065867,515.972205,483.016436,424.443628,407.038758,416.927087,407.410263
50,389.900851,361.228747,403.526912,409.213162,454.669059,488.018467,552.721624,621.569159,677.691030,708.016384,291.264982,307.482256,300.768286,361.374863,389.418434,468.231759,474.322809,571.162273,619.038462,702.776890,235.361455,220.599867,252.166142,303.262932,358.617021,426.484661,471.264854,544.701760,608.792932,684.340523,152.366242,133.548748,200.836933,222.216769,323.406169,357.372035,456.466951,546.241811,605.542809,694.725453,53.255545,82.969630,143.573453,201.694309,292.390249,359.178405,419.587937,502.826144,607.403576,667.170290,0.000000,94.986573,150.584769,199.813687,302.243294,375.915067,435.635651,540.682193,578.540248,695.244014,98.405693,95.008439,185.431587,222.556164,307.213967,405.567581,445.107057,558.745375,596.004084,692.622654,145.437591,186.395584,226.843093,278.401243,363.093966,427.867723,473.442053,551.847489,643.643802,688.980404,251.596491,262.619926,262.881781,332.797981,385.433719,449.662383,520.683423,598.411907,661.861674,739.411503,296.415890,318.548206,351.463985,389.505295,471.997621,507.508958,575.857895,629.597720,693.171303,765.784678
51,438.121453,399.533246,418.747260,406.090329,441.781639,459.242275,515.869276,575.398278,621.612634,648.601225,343.062703,346.764255,307.076828,353.643922,365.595692,426.695865,424.230514,516.196397,559.847285,637.200612,296.201773,246.200992,245.627974,284.394063,318.139379,372.431041,408.187347,477.453051,537.258386,612.075983,214.938329,159.287242,178.126207,182.849340,262.903806,291.107084,382.486132,470.797553,526.714591,616.924299,127.203262,101.267385,95.158042,141.956475,223.421219,281.858370,336.068545,418.849152,521.810017,584.397739,94.986573,0.000000,74.088602,113.453565,217.170316,289.207531,348.020254,453.519714,489.813513,607.483491,115.574502,53.715642,91.546169,127.772912,212.249864,311.064883,351.542730,465.990757,503.822040,600.453270,125.810184,128.621760,143.846699,187.019174,269.723184,333.338251,378.594329,456.881877,549.320110,594.428517,237.314168,221.021727,193.397322,253.212351,295.684416,356.619526,427.002975,503.594457,567.042955,644.469364,278.022341,272.429837,284.166587,313.554403,386.400397,418.718749,483.252591,536.027160,599.342330,671.177588
52,420.496129,375.096273,376.732147,352.825591,382.381641,392.345555,445.726080,502.712235,547.619442,574.512672,332.267048,325.385322,263.531870,299.176629,302.216363,355.703403,351.228847,442.350279,485.763621,563.455622,296.140822,221.430305,197.513153,226.125303,248.610216,298.951688,334.123707,403.801029,464.519547,539.611233,223.735677,149.204019,126.125899,119.008437,189.004902,217.106799,310.215369,399.220022,456.757244,546.537457,161.175435,109.557241,44.996650,70.273389,149.513098,210.634527,269.089759,352.323893,456.818889,516.986913,150.584769,74.088602,0.000000,51.970894,151.769129,225.604590,285.468795,390.265127,428.571186,544.869707,189.662993,126.086595,92.577707,110.474461,177.853558,267.152307,301.993422,412.849205,448.985059,545.324583,194.918611,179.635083,163.891050,181.129086,250.047151,304.295984,337.015842,416.770848,501.945578,548.299579,302.233090,273.950107,225.817084,267.651609,287.527882,335.458836,401.422330,468.887827,531.773806,602.427150,340.045031,319.738515,312.627816,330.114571,384.646301,409.197006,461.405018,509.520225,570.982539,637.393335
53,457.919193,409.516839,399.543564,365.995294,388.103521,386.947778,433.229756,482.637129,520.074725,544.430702,373.814573,362.192801,287.720932,312.295243,304.154674,342.161065,331.207759,416.794454,456.586661,529.158338,342.018210,259.016930,220.613069,237.407043,240.941138,277.308680,304.046278,369.445799,426.512337,500.756972,272.874513,195.497511,151.249212,130.821321,166.849632,187.421172,271.421692,358.647879,413.527360,503.852244,213.113124,160.883145,87.643380,74.610317,120.788275,170.050958,222.648116,305.538809,408.986590,471.001236,199.813687,113.453565,51.970894,0.000000,103.819668,176.619297,236.058004,341.364535,378.777366,495.770418,225.025898,158.244986,82.088740,80.021515,130.206153,215.697768,250.024916,361.096746,397.479378,493.926820,218.737036,187.249557,150.555932,148.631480,206.730353,256.318017,285.698474,365.505933,449.981368,496.360306,317.327135,277.725429,215.687672,242.939870,248.916982,290.030831,353.823330,418.513944,481.159552,550.739397,350.955871,317.117942,295.737109,304.707191,347.501288,367.937557,414.731953,461.136881,521.904087,586.924001
54,504.006691,450.241995,415.841046,364.390855,370.274331,347.161746,377.774872,411.953385,436.317940,456.550082,432.161292,410.050662,313.817172,314.357020,284.619458,288.943624,266.051493,338.233091,371.239358,435.558934,412.179515,314.111217,251.739478,243.859614,209.122522,212.638049,221.398075,277.709427,329.076469,401.887794,354.141768,272.991912,198.106956,162.496238,118.664753,116.407872,175.249447,258.835466,311.041460,401.545545,309.830673,252.938504,172.846650,125.417616,75.790162,76.015236,118.927534,201.719747,305.397062,367.227586,302.243294,217.170316,151.769129,103.819668,0.000000,73.967191,133.933274,238.496264,277.107953,393.103919,326.618856,259.552679,164.122356,137.353606,111.354882,146.274129,166.081157,267.751570,301.647530,397.020915,313.736848,269.996006,212.772670,175.946898,188.146861,209.850653,213.057237,290.530370,362.331826,409.534395,401.626149,350.438387,273.716414,271.706106,241.100068,253.039451,302.922790,349.518352,409.235383,468.234013,429.620417,379.159309,335.420232,326.361133,335.950752,342.018442,365.786202,402.762067,458.697040,514.621469
55,558.850877,503.312593,456.838273,396.534749,391.527812,353.077735,368.883037,387.183149,396.691370,411.627564,493.540932,467.212582,363.438734,350.993841,309.329898,286.816190,254.082001,307.508368,331.294645,383.578410,478.445395,376.360388,306.604063,287.337142,232.070857,206.349948,192.796411,232.398779,273.134396,342.423003,424.556569,343.251784,261.944617,224.153623,146.645786,122.836349,129.096710,200.169830,245.283204,335.522978,383.639956,326.327518,246.036877,195.605264,122.966455,65.519029,52.615947,130.972882,232.605667,296.509125,375.915067,289.207531,225.604590,176.619297,73.967191,0.000000,59.971706,164.794430,203.142702,319.328949,395.692717,328.854419,227.042623,194.252522,136.119877,111.898505,110.759055,198.267446,230.112388,324.498407,377.955746,327.848666,262.932532,212.102600,191.997590,187.170694,165.154399,235.819173,295.811666,343.102113,457.364266,399.843159,317.473164,297.945186,245.506459,233.562612,268.126664,297.779562,353.757131,404.240118,481.119486,420.996976,364.695747,344.305837,329.977038,324.907594,329.581220,357.916819,408.882999,457.321499
56,606.948385,550.554883,496.523688,431.106849,418.632942,369.893087,373.549912,377.788899,373.377883,382.900126,546.117213,517.284596,409.773482,389.389163,340.922736,299.888436,260.967428,295.219472,309.336087,348.265292,534.060425,430.036605,356.764477,331.340846,265.618435,221.202182,189.773749,209.153050,236.127765,299.820660,482.692279,401.452136,317.345081,278.987563,189.249591,156.900590,116.473024,163.020192,197.024507,285.524141,443.569560,386.086568,305.752945,254.298229,175.814387,106.076623,40.676767,78.803910,174.628482,241.065220,435.635651,348.020254,285.468795,236.058004,133.933274,59.971706,0.000000,105.503076,143.175223,259.714527,452.510964,386.015481,281.618328,246.643397,176.869281,114.527928,87.682700,144.630032,173.201504,266.001159,431.872791,378.346311,310.043287,253.032910,213.705471,188.029068,142.508153,199.776016,244.397617,291.298647,505.375990,444.230884,359.539636,329.145016,263.652908,233.211605,251.522688,262.769112,313.538604,354.540623,526.126459,460.089186,396.161027,368.265954,336.099499,321.921240,309.161050,328.355524,373.465598,413.945087
57,684.732193,627.422111,561.372362,489.174011,465.058506,401.851815,385.057798,364.340245,334.265677,332.794502,632.582147,599.504984,487.319437,454.830318,397.717225,330.540857,285.515984,282.988306,277.450148,286.894274,626.405376,519.588513,441.539627,407.301063,329.611280,262.927556,209.504967,188.075781,180.719544,225.944121,580.583731,499.859030,411.269110,372.624479,270.712316,232.332426,144.731065,122.641032,118.872700,196.104274,546.947156,488.663293,408.371494,354.724901,269.819178,195.651823,125.257630,51.793224,70.737448,141.155393,540.682193,453.519714,390.265127,341.364535,238.496264,164.794430,105.503076,0.000000,43.341025,154.616557,557.447832,491.151143,385.705702,349.715084,274.095724,189.231994,143.446775,97.322110,100.856932,176.000185,535.078383,479.193558,408.773536,347.766849,292.638886,246.145272,176.480917,192.229156,185.884841,227.399502,603.340256,539.105227,453.144408,412.361513,335.205765,283.923712,274.804645,247.867597,281.132504,293.701225,621.001103,549.309033,477.952808,441.986098,387.836594,361.072353,319.723171,319.188248,348.427931,367.794153
58,727.952488,670.620554,603.732184,530.920071,505.271648,439.915701,418.809651,391.317399,352.430440,346.126018,675.871370,642.844423,530.595136,497.413981,439.589025,369.015970,323.458524,312.040838,299.985164,295.782471,669.298662,562.686242,484.834152,450.568755,372.377535,303.880399,248.141694,217.970513,197.603265,229.676180,622.521325,541.617486,453.823993,415.172878,313.990711,275.670705,186.491867,151.270437,128.150804,189.190401,586.614902,528.824019,448.469816,395.729879,312.102736,238.139696,167.148606,94.707736,54.865144,125.042448,578.540248,489.813513,428.571186,378.777366,277.107953,203.142702,143.175223,43.341025,0.000000,118.350130,591.137606,525.427598,418.432685,381.429559,302.108810,209.914981,161.848905,80.023512,67.426108,132.836182,566.167764,508.062501,436.305417,373.148413,310.701736,256.823574,182.556628,179.484751,151.898968,190.085712,629.282032,563.036470,476.771805,430.354810,348.753804,289.859564,269.732972,228.474945,253.622103,256.162967,644.558590,569.507090,494.454501,454.729495,391.303754,359.735086,307.798574,299.463420,322.011172,333.818527
59,818.852317,761.386786,685.350532,608.770167,574.410467,500.289208,462.808608,413.647170,350.635562,331.024243,774.898699,738.538003,624.083652,582.193906,519.789362,433.519250,387.702058,346.124607,315.435447,273.129534,773.521450,665.327948,584.698992,544.611692,460.855417,382.451314,319.549672,264.341840,212.513527,202.627733,731.892304,651.750272,560.945163,522.494150,415.868442,376.080901,275.401105,206.544388,147.666813,142.254449,701.292279,642.742654,562.548731,508.156400,421.141331,346.938205,278.534182,197.395069,93.150834,80.654453,695.244014,607.483491,544.869707,495.770418,393.103919,319.328949,259.714527,154.616557,118.350130,0.000000,709.474902,643.699633,536.780426,499.717156,419.640488,324.708138,276.397087,171.770771,134.862239,96.117215,684.273550,625.520116,553.306382,489.246816,422.116949,362.320279,286.425403,257.202530,178.660008,190.987278,745.047658,677.560205,591.351877,540.452822,455.269756,388.747965,353.061596,286.002216,285.168303,244.507702,758.590849,680.872098,602.528449,558.890544,483.858267,445.456365,375.751098,349.553888,350.756778,332.622215
60,487.534504,459.632338,499.572482,500.021908,541.833923,567.260408,627.166203,689.419672,737.086583,764.175196,388.786101,405.887935,393.818927,450.071076,470.843460,539.159300,538.733339,631.521442,675.418287,752.354134,331.454293,317.357621,339.998083,386.372884,429.712723,487.445713,523.732120,592.543172,651.297738,725.730073,249.415561,228.518406,279.969633,292.324282,378.341130,406.600145,496.257266,583.658348,637.645707,728.128453,151.266317,171.752717,204.852539,256.547417,338.861817,395.030031,445.000781,526.590654,627.138226,692.201687,98.405693,115.574502,189.662993,225.025898,326.618856,395.692717,452.510964,557.447832,591.137606,709.474902,0.000000,67.066280,173.094239,211.232011,296.336282,397.708838,442.599038,558.360042,597.578110,693.400164,56.066048,117.804586,181.428583,245.330965,332.412164,402.210835,459.911052,533.984902,633.369886,676.215180,153.403216,172.672739,195.005385,272.351784,341.501722,414.457022,486.941483,572.677617,635.347618,720.260661,198.322221,228.738790,275.744244,321.635940,416.100373,457.530677,536.114340,593.489332,657.746913,735.572360
61,472.798389,438.190891,465.123727,456.579286,493.933008,512.820312,569.564871,628.557901,673.331958,699.576005,375.474156,384.651552,354.961785,404.708116,418.736285,480.299905,477.203509,568.303743,611.041734,686.533142,323.594023,287.803817,295.665125,336.724647,371.843272,425.037647,458.916230,526.705870,584.722987,658.999281,240.269325,198.377632,230.009208,236.413032,314.976721,341.661483,429.640530,516.768006,570.580380,661.065474,143.028682,138.361595,148.510451,195.206947,273.871656,328.295832,377.973455,459.688987,560.627617,625.341887,95.008439,53.715642,126.086595,158.244986,259.552679,328.854419,386.015481,491.151143,525.427598,643.699633,67.066280,0.000000,109.279357,148.108853,234.400745,335.722119,379.414414,495.075070,533.936604,630.145015,72.891678,92.784515,134.421977,191.847407,278.762339,346.749036,400.050249,475.991983,573.054061,616.820967,185.593960,177.592103,168.016841,238.205384,295.387025,363.725970,435.800152,518.036026,581.236506,663.279785,227.568568,231.814262,257.235105,294.499398,378.714041,415.974135,488.408952,543.954417,608.014356,683.397989
62,510.288607,466.438029,468.958852,442.006466,467.561488,468.895361,515.080997,562.620016,596.122020,618.510162,419.366133,415.864841,355.820701,388.180773,384.611558,423.988085,411.678139,494.502332,531.774058,599.417551,378.120284,312.131215,289.430830,313.914662,322.919917,357.518951,379.729445,440.840718,493.160289,565.611919,299.952387,233.673903,218.029613,205.855723,247.822807,265.052610,339.239897,422.450374,471.951131,562.365516,217.973844,182.643715,137.007715,150.914950,200.486765,238.629582,278.339218,357.671047,455.888795,522.486192,185.431587,91.546169,92.577707,82.088740,164.122356,227.042623,281.618328,385.705702,418.432685,536.780426,173.094239,109.279357,0.000000,38.897430,125.367492,226.525211,270.186662,385.892562,424.873415,520.973083,150.929232,107.604817,71.891067,96.783163,178.177560,242.502414,291.645068,368.617341,464.218869,508.363472,239.276769,195.878637,135.748949,175.679267,205.937687,265.080073,335.524000,413.342956,476.773986,556.236357,270.641361,235.305713,220.467362,238.061536,299.540973,329.146612,391.750184,444.530484,507.927392,580.417911
63,530.745410,484.471490,478.986597,445.912460,466.736798,461.187113,502.572777,544.916671,573.327298,593.903619,442.649726,435.434321,366.684483,392.251419,382.056880,411.697590,395.522873,473.834183,508.393454,572.139467,404.873266,331.512600,299.605843,317.338819,315.598032,341.234097,357.629310,414.950035,464.198342,535.494474,329.180548,258.516175,229.215883,210.788624,234.337538,246.251800,311.927911,392.455841,439.514161,529.649209,252.078358,211.891997,155.113521,154.558159,185.747572,213.300363,246.407999,323.803289,420.181082,487.703149,222.556164,127.772912,110.474461,80.021515,137.353606,194.252522,246.643397,349.715084,381.429559,499.717156,211.232011,148.108853,38.897430,0.000000,86.484974,187.638663,231.540532,347.288329,386.390867,482.365897,185.391087,133.947173,77.180941,70.885214,143.930603,205.629225,252.889475,330.169389,425.342378,469.558898,264.857715,213.554161,141.337755,162.946273,177.449159,230.828158,300.087672,375.860502,439.310523,517.825414,292.276585,245.941622,216.681780,224.855048,274.181239,299.866421,357.661263,409.110255,472.111670,543.411252
64,585.155867,534.871698,513.840201,468.968212,479.232190,458.508299,487.761306,516.765875,532.014369,547.698986,503.358956,489.473187,405.880128,417.129940,393.267890,399.745108,374.721585,439.601801,466.538214,519.207077,472.175433,387.387839,339.940396,343.741753,319.154356,322.215473,322.917167,368.277049,408.103742,475.300895,401.569918,325.471523,275.190047,247.036650,229.361693,226.730812,264.489052,334.725997,373.850846,462.256349,332.653339,286.581593,217.701767,195.122471,183.626951,178.568457,187.579064,255.670247,344.789135,414.629053,307.213967,212.249864,177.853558,130.206153,111.354882,136.119877,176.869281,274.095724,302.108810,419.640488,296.336282,234.400745,125.367492,86.484974,0.000000,101.435595,146.727422,262.323249,301.835692,397.231333,265.557055,205.955769,134.684956,76.592627,81.286141,126.475641,166.628499,244.633894,338.857452,383.152771,329.480665,267.361605,182.966361,163.998665,131.569230,160.320160,223.804616,292.866499,356.175963,432.226383,349.264257,285.259754,229.926255,215.790353,228.985760,242.163181,284.526198,331.672983,393.229931,461.217876
65,650.059491,596.494572,559.740771,503.749256,502.076734,464.955714,478.544754,489.980782,487.894281,496.773697,576.079042,555.752402,459.820405,455.966387,418.689973,398.255377,363.979102,408.061257,423.839915,460.073005,551.972264,458.089079,398.000115,388.035296,341.334484,317.776834,298.103020,323.618499,348.084505,407.361193,487.358550,407.991299,342.183466,307.962510,252.716086,233.691007,227.559667,275.913991,301.088180,384.537723,426.913776,376.546809,301.364790,265.119700,218.678236,176.448630,144.784110,185.532874,257.896277,329.714867,405.567581,311.064883,267.152307,215.697768,146.274129,111.898505,114.527928,189.231994,209.914981,324.708138,397.708838,335.722119,226.525211,187.638663,101.435595,0.000000,48.322329,161.821289,201.684715,296.290242,365.405757,303.292326,230.128941,164.872208,103.749046,76.138068,70.105316,149.905072,238.312606,283.412939,420.345200,353.240778,266.969088,223.189387,150.297014,122.547416,158.796801,205.311761,266.831052,335.447662,434.667684,360.450643,289.116546,256.317865,222.787860,213.598443,221.337021,256.488333,313.033408,372.735068
66,667.035919,612.105838,567.590919,506.779142,499.350013,455.011539,461.084062,464.409552,454.850138,460.853734,597.896806,574.204493,472.984359,461.709490,418.640471,385.857274,348.037761,381.533412,392.123450,421.192309,578.021993,479.933202,414.268850,397.754678,341.709535,306.238811,277.450709,292.791135,310.003797,365.545040,517.476602,436.918417,364.051187,327.786167,257.402826,231.799073,204.071529,239.709507,258.446908,339.500365,463.038397,410.210781,332.539817,290.603038,230.925400,175.276380,125.681326,146.800680,210.813524,282.837720,445.107057,351.542730,301.993422,250.024916,166.081157,110.759055,87.682700,143.446775,161.848905,276.397087,442.599038,379.414414,270.186662,231.540532,146.727422,48.322329,0.000000,115.763130,155.117857,250.829223,412.053488,350.800563,277.869954,213.014994,149.665183,106.058388,56.064962,125.863350,199.967994,246.507347,468.650772,401.514438,315.246781,269.537593,192.052408,148.776144,164.207874,187.197868,244.502859,302.935152,482.877387,407.886619,334.700162,298.844074,253.160986,235.360191,223.114862,247.584063,298.189529,349.238659
67,751.362996,694.817940,637.602475,569.169104,550.596944,492.302943,480.301433,461.662349,429.197439,424.844901,690.429931,661.914593,553.964008,530.297618,477.865569,420.753638,376.941336,380.209990,374.013461,375.448676,676.695746,573.899097,501.379618,475.067830,405.134630,348.247619,300.741024,285.303674,274.512333,309.697584,621.754381,540.509245,460.102800,422.105386,333.360829,299.188288,230.398858,219.937130,207.062892,267.852209,573.909099,519.091685,439.768252,392.699574,319.612210,250.650134,181.568825,139.651043,134.260605,201.242557,558.745375,465.990757,412.849205,361.096746,267.751570,198.267446,144.630032,97.322110,80.023512,171.770771,558.360042,495.075070,385.892562,347.288329,262.323249,161.821289,115.763130,0.000000,40.062784,135.081386,527.198897,464.920411,391.585526,325.644507,252.700028,190.707146,114.867337,99.472493,100.239467,146.785282,579.066484,509.872975,424.112452,369.651024,283.626735,217.746233,190.734749,151.092683,184.918848,210.907791,590.078467,510.399650,430.981842,387.173587,315.971242,281.789219,227.858623,222.464707,251.529085,276.783890
68,776.329012,719.391486,657.942117,587.322612,565.110293,502.699821,484.706650,458.732043,418.647063,410.620582,718.619220,688.422336,578.600833,550.862587,495.781521,431.360776,386.372856,379.235217,367.206438,358.468816,707.255790,603.026509,528.462276,499.033286,425.341281,362.615433,310.342987,284.893468,264.099909,290.255443,654.658263,573.352646,490.531190,452.189048,358.650007,322.614136,244.013502,218.246269,193.443604,243.129283,609.733863,554.127513,474.353689,425.630793,348.968922,277.678533,206.733785,150.578952,114.532455,174.336324,596.004084,503.822040,448.985059,397.479378,301.647530,230.112388,173.201504,100.856932,67.426108,134.862239,597.578110,533.936604,424.873415,386.390867,301.835692,201.684715,155.117857,40.062784,0.000000,96.643442,566.961801,504.887639,431.582894,365.690649,292.440137,229.361445,153.828312,125.106494,85.356855,126.823272,619.072200,549.754062,464.061741,408.819618,322.091840,253.989106,220.289738,165.697400,186.438523,193.063465,629.825496,549.652245,469.501719,424.619154,349.442010,312.500328,250.107706,235.569177,254.952570,267.545612
69,860.732214,803.420311,736.009431,662.450976,634.513543,565.789414,537.057895,496.782643,440.672050,423.868589,807.436433,775.175186,663.290528,629.956771,571.368864,496.012498,449.982338,423.694020,399.773077,366.737664,798.865073,693.247445,616.524554,583.282819,505.095235,434.772804,376.424752,334.544846,294.394147,295.877962,748.677860,667.418386,582.483274,543.921718,445.720430,407.920102,318.635033,270.114653,223.740652,237.195041,705.874398,649.856391,569.865783,520.026871,440.484786,367.544208,296.016207,227.543910,147.712220,171.166584,692.622654,600.453270,545.324583,493.926820,397.020915,324.498407,266.001159,176.000185,132.836182,96.117215,693.400164,630.145015,520.973083,482.365897,397.231333,296.290242,250.829223,135.081386,96.643442,0.000000,661.588313,598.518075,525.033427,458.625194,381.544785,314.639257,241.819450,190.459157,92.632965,95.402925,709.379369,638.833185,553.993666,494.196225,405.335614,331.585162,283.314700,203.855838,192.783901,149.293982,717.671459,634.776194,551.698387,503.156650,417.157635,374.052236,294.945550,261.278139,256.423163,236.938196
70,534.631482,503.472944,535.697038,529.153577,566.824627,584.901990,640.393111,697.135325,738.454034,763.164872,436.211401,449.679811,426.553766,477.461031,491.374372,550.579874,545.469332,634.422601,675.231899,747.130038,380.798729,356.158886,368.200167,409.606230,442.888499,492.554808,522.701490,587.678984,642.513553,715.622486,297.736055,266.361327,302.900697,308.583055,381.844668,405.777975,487.830451,572.560502,622.851280,713.283787,198.480087,206.874632,220.962426,265.054172,338.404067,386.460760,429.230826,508.455880,605.570385,672.922308,145.437591,125.810184,194.918611,218.737036,313.736848,377.955746,431.872791,535.078383,566.167764,684.273550,56.066048,72.891678,150.929232,185.391087,265.557055,365.405757,412.053488,527.198897,566.961801,661.588313,0.000000,67.968121,138.985111,205.474243,290.788014,361.446223,423.751027,494.951123,596.847408,638.277578,113.114055,118.164192,141.628705,220.044060,294.084172,369.463123,441.744630,529.965252,591.903834,679.336377,156.067659,174.360889,219.926621,266.912260,363.834697,406.787825,488.304395,546.643185,610.827339,690.223156
71,563.797383,527.177395,546.764608,530.302734,561.876286,570.299869,619.809876,669.633949,703.671422,725.731090,467.121798,474.029319,434.498155,477.056676,481.744247,528.861705,518.371564,602.081502,639.236296,705.503560,416.164855,374.552698,371.377410,405.124262,425.055074,464.359450,487.298763,547.552335,598.042244,669.439731,332.927672,286.570527,301.575734,298.620803,354.085985,372.569153,445.178259,526.400352,572.893025,662.790662,235.752877,227.084657,216.266640,247.894697,307.427927,345.346398,380.186442,456.368372,549.926386,618.822915,186.395584,128.621760,179.635083,187.249557,269.996006,327.848666,378.346311,479.193558,508.062501,625.520116,117.804586,92.784515,107.604817,133.947173,205.955769,303.292326,350.800563,464.920411,504.887639,598.518075,67.968121,0.000000,73.513089,140.206367,223.907930,294.667797,358.916408,428.565829,531.389429,572.137359,131.828426,94.500473,78.346552,154.599184,226.150193,301.574379,373.813218,462.376188,524.146310,612.114755,163.706865,143.884272,165.092667,205.967713,298.299227,340.019941,420.481870,478.710825,542.907903,622.260913
72,577.385153,535.244275,540.592057,513.732799,538.297799,536.546526,579.402924,622.021054,649.075030,668.670638,484.410098,483.868709,427.406576,459.902328,454.672744,488.438392,472.700970,550.433993,583.939003,644.949842,439.617640,380.692600,361.179109,385.493553,390.620600,418.410042,433.928455,489.206725,535.625339,605.331752,358.768936,298.748398,289.759012,277.501190,311.126796,323.378018,385.518369,462.993090,506.253454,595.472003,268.728290,243.675907,207.629024,222.151818,262.656272,288.736021,315.547479,388.667947,479.473128,549.177381,226.843093,143.846699,163.891050,150.555932,212.772670,262.932532,310.043287,408.773536,436.305417,553.306382,181.428583,134.421977,71.891067,77.180941,134.684956,230.128941,277.869954,391.585526,431.582894,525.033427,138.985111,73.513089,0.000000,66.774748,152.002659,222.541987,285.494663,355.968663,458.200342,499.344095,195.333317,137.933124,65.198855,109.448451,161.522384,233.034991,305.517833,391.865943,454.258992,540.615180,218.404137,168.848160,148.742667,170.547895,245.169666,281.554536,355.617589,412.373914,476.614508,554.144119
73,601.562944,555.343383,548.120449,512.074581,529.478193,517.541742,552.905567,587.373837,606.501500,623.193688,512.948035,506.296486,436.331967,458.733570,443.917291,463.163958,441.939607,511.974732,541.025754,595.559845,473.801325,402.363035,369.219484,383.863001,373.838645,388.318187,394.930459,443.538355,484.610851,551.869001,396.486297,328.137024,299.367852,278.978275,287.579332,291.971348,339.514667,411.266866,450.053950,538.033323,314.130108,279.060735,225.910858,222.984675,239.282532,249.047687,263.955732,331.765688,418.165124,488.808030,278.401243,187.019174,181.129086,148.631480,175.946898,212.102600,253.032910,347.766849,373.148413,489.246816,245.330965,191.847407,96.783163,70.885214,76.592627,164.872208,213.014994,325.644507,365.690649,458.625194,205.474243,140.206367,66.774748,0.000000,87.273863,156.922027,218.726548,289.648595,391.467953,432.826636,256.140958,191.625335,106.510543,98.081460,109.155036,172.000229,243.957262,327.466767,390.337871,475.092377,273.598877,208.899572,159.612544,157.746502,203.968860,232.363531,297.563864,352.274655,416.253659,491.734782
74,664.248592,614.770093,595.126159,549.660489,558.249306,533.539561,557.681571,579.178351,584.913184,596.238993,580.377328,568.500400,486.965863,498.088311,472.439775,471.913038,443.275590,499.176112,520.013765,561.759062,546.187077,465.661386,420.825665,424.916514,397.267279,392.622490,384.772350,419.916161,449.607289,510.596405,472.316605,399.231664,355.105794,327.969146,306.771942,299.518017,319.245088,376.695486,404.660445,488.235237,395.625681,355.374064,292.568812,275.192611,262.732546,246.717032,236.940591,288.257728,360.473901,432.502416,363.093966,269.723184,250.047151,206.730353,188.146861,191.997590,213.705471,292.638886,310.701736,422.116949,332.412164,278.762339,178.177560,143.930603,81.286141,103.749046,149.665183,252.700028,292.440137,381.544785,290.788014,223.907930,152.002659,87.273863,0.000000,70.764975,139.765335,204.843981,308.871595,348.542928,327.850666,257.529371,172.457550,119.872896,54.058245,86.993407,157.634843,240.269939,303.072195,388.615253,337.388841,259.010399,185.393348,154.644170,148.271740,161.659247,213.815791,266.503854,330.148617,404.637737
75,707.112399,655.284678,625.628786,573.199482,574.577400,540.048627,554.669578,565.247555,559.969173,566.761343,627.947770,611.773955,521.936485,523.929919,490.245742,473.943401,440.072393,482.992072,496.639036,527.186516,598.306150,511.039401,457.822791,453.674122,413.140983,393.460870,374.052152,396.741252,416.062066,470.668888,528.028237,451.781960,396.831388,365.595769,323.243283,307.347597,302.914952,345.530684,363.342820,441.635592,457.018845,412.705242,343.944660,317.233052,285.175604,250.572897,220.510298,252.838741,309.561368,381.381261,427.867723,333.338251,304.295984,256.318017,209.850653,187.170694,188.029068,246.145272,256.823574,362.320279,402.210835,346.749036,242.502414,205.629225,126.475641,76.138068,106.058388,190.707146,229.361445,314.639257,361.446223,294.667797,222.541987,156.922027,70.764975,0.000000,75.895000,134.189392,238.911106,277.907535,396.234228,324.792885,241.146538,179.892778,92.949837,46.456842,97.550038,171.303645,234.595833,318.197290,403.064965,320.742148,240.275011,197.953070,148.131398,137.740512,159.264640,205.236340,267.218126,337.921009
76,716.808742,662.560147,621.226161,561.684825,555.182821,511.010667,515.974548,516.314420,501.811874,505.046422,644.679180,623.085663,524.474425,515.886013,474.066216,441.700543,403.429204,433.230475,440.467822,462.098410,621.643007,526.610232,464.175266,450.542184,396.971713,362.215843,331.944277,342.444887,352.869672,402.419350,557.455600,478.002813,410.567781,375.526850,311.468234,287.218879,258.130768,285.540946,295.226018,369.670096,496.283369,446.488105,371.467421,334.411773,282.196370,230.334236,181.413351,192.166969,236.257017,307.553198,473.442053,378.594329,337.015842,285.698474,213.057237,165.154399,142.508153,176.480917,182.556628,286.425403,459.911052,400.050249,291.645068,252.889475,166.628499,70.105316,56.064962,114.867337,153.828312,241.819450,423.751027,358.916408,285.494663,218.726548,139.765335,75.895000,0.000000,79.816767,173.479637,216.777234,467.564086,397.232886,312.185484,254.991549,168.844789,107.859105,109.171763,136.477520,197.098968,266.227192,476.663094,395.831648,316.140436,273.268405,211.359218,186.694210,167.113579,192.878298,246.049708,302.946974
77,792.844204,737.967487,692.209744,629.489072,618.407615,567.871934,564.388427,553.587589,526.424579,523.522736,722.683383,699.813853,598.785286,585.798045,540.044173,496.999469,455.685384,471.024361,469.376415,474.773220,700.814551,604.620796,540.062460,523.154959,463.917177,419.871590,380.911580,376.782474,372.318786,409.160101,637.203086,557.611659,488.582115,452.879396,382.049571,354.099671,307.327792,313.558456,306.140768,366.183959,575.726927,526.268826,451.236566,413.343794,356.788611,298.906074,240.452462,225.506436,233.433535,298.383659,551.847489,456.881877,416.770848,365.505933,290.530370,235.819173,199.776016,192.229156,179.484751,257.202530,533.984902,475.991983,368.617341,330.169389,244.633894,149.905072,125.863350,99.472493,125.106494,190.459157,494.951123,428.565829,355.968663,289.648595,204.843981,134.189392,79.816767,0.000000,106.323712,143.718343,529.026028,456.870560,374.544296,308.716766,218.933903,142.348503,95.860488,62.999721,118.786161,187.660942,533.364799,447.954988,363.123710,313.180909,228.053799,188.253841,128.468724,130.714580,174.013801,224.125474
78,851.338849,794.884334,737.634364,668.624004,648.443865,587.429179,570.050891,542.656467,498.634881,487.667511,789.171279,761.467266,654.054593,630.342476,577.193420,515.989535,471.240303,463.894745,449.717434,433.256057,773.675777,672.162776,600.819962,575.262276,505.060105,445.837913,395.088267,369.853834,345.289190,363.234876,716.107288,635.146015,557.573010,519.944856,433.449831,399.427253,327.317060,303.157326,273.580217,310.070824,662.927724,610.108601,532.023503,487.749296,418.238806,350.471443,281.793887,234.407529,192.851066,240.605809,643.643802,549.320110,501.945578,449.981368,362.331826,295.811666,244.397617,185.884841,151.898968,178.660008,633.369886,573.054061,464.218869,425.342378,338.857452,238.312606,199.967994,100.239467,85.356855,92.632965,596.847408,531.389429,458.200342,391.467953,308.871595,238.911106,173.479637,106.323712,0.000000,47.306740,634.836944,562.896837,479.993053,415.027840,325.254520,248.368571,193.747448,111.222990,108.585764,110.734010,639.664329,554.211087,469.040945,418.179416,327.558967,282.963079,202.312807,171.018636,176.552090,182.194552
79,898.144786,841.600407,783.237415,713.496477,691.922429,629.130376,608.691407,576.896414,527.629619,513.692505,836.408169,808.511628,700.742955,675.994809,621.985046,557.899122,512.710043,499.900792,482.049373,457.624620,820.972666,719.443682,647.896998,621.777600,550.574489,489.397485,436.848210,406.977246,376.669469,386.857903,763.182506,682.270147,604.879375,567.242441,480.143477,445.708783,370.783175,340.450653,304.716449,330.119704,709.131264,656.715435,578.871239,534.947289,465.466560,397.367126,328.258405,277.391373,224.296245,262.161789,688.980404,594.428517,548.299579,496.360306,409.534395,343.102113,291.298647,227.399502,190.085712,190.987278,676.215180,616.820967,508.363472,469.558898,383.152771,283.412939,246.507347,146.785282,126.823272,95.402925,638.277578,572.137359,499.344095,432.826636,348.542928,277.907535,216.777234,143.718343,47.306740,0.000000,671.829577,599.329068,517.846625,450.128043,360.446183,282.067143,220.752310,129.198867,100.809196,66.304278,674.553763,587.582202,501.106670,448.346379,352.210227,304.829922,216.492277,173.565336,161.468074,146.877053
80,640.892517,612.682199,648.354298,642.152833,679.078202,694.419918,747.285028,799.896219,835.396526,857.557946,542.133554,558.892263,539.609929,590.286010,602.400204,656.729370,648.332238,733.447737,771.028549,836.956467,484.350852,467.870065,481.215836,521.705053,550.738695,594.576831,618.997462,679.282843,728.934974,799.659113,402.720966,378.194617,415.271891,418.916917,483.904462,503.841982,576.673842,656.866836,701.462636,790.790953,304.632646,319.211695,332.162679,372.348783,438.041735,477.119483,509.927416,583.991746,673.921525,744.083456,251.596491,237.314168,302.233090,317.327135,401.626149,457.364266,505.375990,603.340256,629.282032,745.047658,153.403216,185.593960,239.276769,264.857715,329.480665,420.345200,468.650772,579.066484,619.072200,709.379369,113.114055,131.828426,195.333317,256.140958,327.850666,396.234228,467.564086,529.026028,634.836944,671.829577,0.000000,73.162030,155.393485,223.275305,311.892323,390.835288,459.044682,552.441085,610.529548,703.917873,44.978251,108.200495,189.033842,245.913001,353.880539,402.890909,494.240643,554.592491,616.971643,700.563895
81,649.589745,615.776021,639.765723,624.707227,656.295662,663.327552,710.926205,757.479453,786.729291,806.590435,551.687542,562.209544,527.967127,571.513697,575.811439,619.840627,607.058592,687.326855,721.677564,782.632412,497.630966,464.952077,465.452006,499.616615,517.668517,552.803659,571.181457,627.139520,672.906984,741.819550,414.286567,375.824208,395.941701,392.958453,443.597095,459.008060,523.424250,600.008874,641.192982,729.535879,315.140349,315.827941,310.666657,341.557252,395.916701,426.449417,452.379659,523.031100,609.301184,680.229763,262.619926,221.021727,273.950107,277.725429,350.438387,399.843159,444.230884,539.105227,563.036470,677.560205,172.672739,177.592103,195.878637,213.554161,267.361605,353.240778,401.514438,509.872975,549.754062,638.833185,118.164192,94.500473,137.933124,191.625335,257.529371,324.792885,397.232886,456.870560,562.896837,599.329068,73.162030,0.000000,86.272405,150.161984,239.077006,317.954535,385.902177,479.368177,537.367689,630.830139,81.973774,56.199675,119.577726,175.224934,282.287343,330.726484,421.412496,481.720493,544.305314,627.684930
82,631.428703,591.680660,602.066207,577.566882,603.124539,601.695522,643.906274,684.840681,709.002233,727.152929,536.394738,539.407885,488.877173,523.757680,519.721112,553.033923,536.320906,611.949047,643.647381,701.024125,488.094894,437.425552,423.265046,449.621174,455.793684,482.086004,495.062289,547.408167,590.474800,658.245075,405.517912,352.359229,351.925147,341.547964,375.674205,386.520178,443.356858,517.251445,556.556581,644.399736,310.402111,294.624863,268.214437,286.630184,327.080227,349.156676,369.705227,438.257343,523.226129,594.295759,262.881781,193.397322,225.817084,215.687672,273.716414,317.473164,359.539636,453.144408,476.771805,591.351877,195.005385,168.016841,135.748949,141.337755,182.966361,266.969088,315.246781,424.112452,464.061741,553.993666,141.628705,78.346552,65.198855,106.510543,172.457550,241.146538,312.185484,374.544296,479.993053,517.846625,155.393485,86.272405,0.000000,78.815070,160.411143,238.971996,309.472866,401.307316,461.235513,552.591234,167.919353,105.455902,90.800029,127.641970,222.313905,266.263906,351.118599,410.569896,474.332500,555.753473
83,685.534897,642.115576,641.567080,608.490895,627.218470,615.442184,649.450737,680.722337,694.632628,708.683441,593.365421,591.408016,528.926267,554.929106,541.784279,560.193903,537.484410,603.510666,629.239307,677.049400,549.059888,487.766139,461.967286,479.996550,471.917953,484.313610,486.905501,530.130384,565.038444,628.258355,468.150165,407.544245,391.070253,373.734409,385.346739,388.111648,427.030380,491.659694,523.117444,607.657686,376.990518,353.066190,312.452041,317.504194,337.200281,342.296246,347.366530,405.749576,480.346558,552.373685,332.797981,253.212351,267.651609,242.939870,271.706106,297.945186,329.145016,412.361513,430.354810,540.452822,272.351784,238.205384,175.679267,162.946273,163.998665,223.189387,269.537593,369.651024,408.819618,494.196225,220.044060,154.599184,109.448451,98.081460,119.872896,179.892778,254.991549,308.716766,415.027840,450.128043,223.275305,150.161984,78.815070,0.000000,89.810551,168.188233,235.785987,329.214080,387.391231,480.669108,224.659042,140.872799,67.091621,62.466423,143.848340,187.495804,273.789929,333.688989,397.070785,479.381648
84,706.393436,658.433351,643.431308,600.344956,610.591612,587.249849,611.735523,632.560180,636.382078,646.537694,619.765883,610.758739,533.860019,548.257198,524.667226,525.918505,497.308616,552.187291,571.751829,610.370009,582.203171,507.159284,467.174419,474.457285,450.036954,446.675701,438.291993,471.512789,498.368567,557.005515,505.497610,435.965077,399.622109,374.757853,359.751878,353.403618,371.869689,426.033745,450.214438,531.298898,422.886352,388.045495,331.618499,320.483877,314.910631,300.774871,289.157035,335.745635,400.679414,472.716045,385.433719,295.684416,287.527882,248.916982,241.100068,245.506459,263.652908,335.205765,348.753804,455.269756,341.501722,295.387025,205.937687,177.449159,131.569230,150.297014,192.052408,283.626735,322.091840,405.335614,294.084172,226.150193,161.522384,109.155036,54.058245,92.949837,168.844789,218.933903,325.254520,360.446183,311.892323,239.077006,160.411143,89.810551,0.000000,78.972038,149.133983,241.099822,300.835246,392.532501,314.467591,229.533873,147.410425,106.799036,98.853600,123.212221,194.621090,252.561102,316.760815,396.554429
85,745.154907,694.285535,668.024536,617.237386,619.881096,586.306713,601.092035,610.862652,603.625966,609.210705,663.622254,649.539956,562.817644,567.392150,535.233193,520.362391,486.514825,528.415992,540.780938,568.101096,631.310290,547.686003,497.879244,496.283097,458.303415,439.883184,420.210365,441.190213,457.741808,509.691047,558.515440,484.353111,434.890483,405.169364,368.094386,353.255155,348.708526,388.290787,402.358617,477.511752,482.619035,441.861241,377.015701,354.872994,328.741380,296.670984,266.582654,295.046751,343.913626,414.895301,449.662383,356.619526,335.458836,290.030831,253.039451,233.562612,233.211605,283.923712,289.859564,388.747965,414.457022,363.725970,265.080073,230.828158,160.320160,122.547416,148.776144,217.746233,253.989106,331.585162,369.463123,301.574379,233.034991,172.000229,86.993407,46.456842,107.859105,142.348503,248.368571,282.067143,390.835288,317.954535,238.971996,168.188233,78.972038,0.000000,72.484855,162.336572,222.895188,313.665052,392.486631,305.984587,220.775232,171.727151,104.660042,91.369595,126.838824,180.274430,244.288454,321.146171
86,803.651188,751.301118,718.117253,662.513154,659.643377,618.559144,625.066095,624.716933,606.674575,607.369627,725.319187,708.497572,616.546947,614.715744,576.944876,549.852249,512.238699,541.600781,546.646388,561.420938,695.832036,608.225335,553.299638,546.227694,499.575004,469.963695,441.100745,449.836903,455.022745,498.142104,625.132891,549.246287,493.613301,461.609742,411.449726,390.937774,367.302387,390.711312,392.669546,458.515110,552.155866,509.347534,441.429734,414.284437,376.894584,333.573785,289.867110,298.201275,324.510497,391.847156,520.683423,427.002975,401.422330,353.823330,302.922790,268.126664,251.522688,274.804645,269.732972,353.061596,486.941483,435.800152,335.524000,300.087672,223.804616,158.796801,164.207874,190.734749,220.289738,283.314700,441.744630,373.813218,305.517833,243.957262,157.634843,97.550038,109.171763,95.860488,193.747448,220.752310,459.044682,385.902177,309.472866,235.785987,149.133983,72.484855,0.000000,94.227532,151.824071,245.177484,457.711830,369.096301,281.663409,227.850303,133.935159,92.397737,62.864371,109.041130,172.513774,248.671693
87,853.073709,798.594574,754.520440,692.300619,681.402036,630.430387,625.493296,611.707778,580.091966,574.596717,781.073716,759.507358,659.954044,648.296182,602.979810,559.425681,517.726480,529.645013,525.062529,523.588916,757.182718,663.017404,600.347623,584.951161,526.759730,482.634767,442.580425,434.941023,425.278451,455.862977,691.283135,612.633302,546.992589,511.999891,444.288103,416.883379,369.311815,370.398659,356.625045,408.195773,625.519255,578.362496,505.387540,470.416028,417.686490,361.410597,303.445876,285.165347,279.739403,338.869199,598.411907,503.594457,468.887827,418.513944,349.518352,297.779562,262.769112,247.867597,228.474945,286.002216,572.677617,518.036026,413.342956,375.860502,292.866499,205.311761,187.197868,151.092683,165.697400,203.855838,529.965252,462.376188,391.865943,327.466767,240.269939,171.303645,136.477520,62.999721,111.222990,129.198867,552.441085,479.368177,401.307316,329.214080,241.099822,162.336572,94.227532,0.000000,63.450021,151.490897,551.850219,463.323829,375.844981,321.645205,223.175236,175.658951,91.092657,71.374132,111.234589,168.516299
88,911.538606,856.540555,809.039693,744.641888,730.605182,675.647079,665.220134,644.278740,604.724150,595.164102,841.343500,818.593023,717.102712,702.234988,654.362935,604.189081,561.025797,563.778951,553.594622,541.324951,818.724623,723.270164,658.770238,640.937359,579.114421,529.596329,484.998002,468.947068,450.429791,471.543301,753.739642,674.736264,607.216921,571.636595,499.314848,469.855755,413.353634,402.771366,379.356351,418.645966,688.820122,641.299823,567.754775,531.495948,475.353490,415.762934,353.900508,324.374035,299.217348,349.191483,661.861674,567.042955,531.773806,481.159552,409.235383,353.757131,313.538604,281.132504,253.622103,285.168303,635.347618,581.236506,476.773986,439.310523,356.175963,266.831052,244.502859,184.918848,186.438523,192.783901,591.903834,524.146310,454.258992,390.337871,303.072195,234.595833,197.098968,118.786161,108.585764,100.809196,610.529548,537.367689,461.235513,387.391231,300.835246,222.895188,151.824071,63.450021,0.000000,97.114253,607.787304,518.241376,430.182250,374.515401,270.926183,220.819673,126.408920,74.665551,68.632017,105.907978
89,961.389937,905.083763,848.363688,779.154340,758.094025,695.426891,674.455097,640.959203,588.852247,572.997420,897.733276,870.978873,764.314101,741.074055,687.681552,624.202750,579.000446,564.831964,545.307708,516.007817,880.390375,780.311798,710.277735,685.719603,615.774242,555.532274,503.151640,472.419601,439.736525,445.138682,820.328615,739.849943,665.108603,627.898135,543.760293,510.064568,436.917095,406.035703,367.985787,386.351154,762.340647,711.595946,634.997275,593.332455,527.104900,460.525089,392.367248,343.586432,288.240836,320.340081,739.411503,644.469364,602.427150,550.739397,468.234013,404.240118,354.540623,293.701225,256.162967,244.507702,720.260661,663.279785,556.236357,517.825414,432.226383,335.447662,302.935152,210.907791,193.063465,149.293982,679.336377,612.114755,540.615180,475.092377,388.615253,318.197290,266.227192,187.660942,110.734010,66.304278,703.917873,630.830139,552.591234,480.669108,392.532501,313.665052,245.177484,151.490897,97.114253,0.000000,702.783495,613.747679,525.893326,470.711653,367.937479,317.920886,223.420412,168.684794,132.584216,88.448139
90,685.841692,657.373143,691.764554,683.864700,719.503137,732.292147,783.224995,833.191432,865.387370,886.162128,587.085579,603.571961,582.383945,631.625760,641.631531,692.358169,682.030555,764.800381,800.577432,863.308410,529.327492,511.875628,523.065718,562.096382,587.703197,627.973535,649.310734,707.031978,754.001565,823.337581,447.680681,422.120069,456.132977,457.960274,517.785183,535.593598,603.610642,681.270135,723.049397,811.480983,349.504130,362.850824,372.157417,409.660614,470.978568,505.575764,533.707804,604.930039,691.135948,762.139258,296.415890,278.022341,340.045031,350.955871,429.620417,481.119486,526.126459,621.001103,644.558590,758.590849,198.322221,227.568568,270.641361,292.276585,349.264257,434.667684,482.877387,590.078467,629.825496,717.671459,156.067659,163.706865,218.404137,273.598877,337.388841,403.064965,476.663094,533.364799,639.664329,674.553763,44.978251,81.973774,167.919353,224.659042,314.467591,392.486631,457.711830,551.850219,607.787304,702.783495,0.000000,90.794671,178.602771,235.707423,343.962101,394.202212,487.836358,548.201397,609.220957,693.784310
91,704.497039,669.710588,690.568948,672.322472,701.432291,704.062452,748.186896,790.216524,814.114172,831.734463,606.847609,616.291124,578.136690,618.791032,619.426901,657.183215,641.395967,717.387237,748.714192,804.436572,553.308996,517.918419,514.462122,545.825404,558.051153,587.124210,600.474937,651.996454,693.344200,759.774388,469.911336,429.308552,444.063210,438.206722,479.925867,491.773667,547.920150,619.934056,656.566387,743.082740,370.879959,369.447201,358.824431,384.982391,431.495551,454.516648,472.810265,538.326508,618.346889,690.121919,318.548206,272.429837,319.738515,317.117942,379.159309,420.996976,460.089186,549.309033,569.507090,680.872098,228.738790,231.814262,235.305713,245.941622,285.259754,360.450643,407.886619,510.399650,549.652245,634.776194,174.360889,143.884272,168.848160,208.899572,259.010399,320.742148,395.831648,447.954988,554.211087,587.582202,108.200495,56.199675,105.455902,140.872799,229.533873,305.984587,369.096301,463.323829,518.241376,613.747679,90.794671,0.000000,88.188947,145.033709,253.188152,303.495458,397.397760,457.714464,518.513263,603.165139
92,722.099894,681.866786,689.333805,661.252786,683.407860,675.821511,712.488365,746.045966,761.369282,775.689712,627.190258,629.801323,576.149162,607.448716,598.700782,622.610665,601.469158,669.479692,695.944150,744.130560,578.730644,527.448659,509.884936,532.741551,531.064647,547.914498,552.673477,596.998914,632.107051,695.062849,496.001417,442.979687,438.471709,425.095481,446.434977,451.570640,493.728989,558.739267,589.664808,673.628584,400.158389,385.411483,356.161808,369.219517,397.881523,407.457385,414.371525,472.537822,545.265394,617.358880,351.463985,284.166587,312.627816,295.737109,335.420232,364.695747,396.161027,477.952808,494.454501,602.528449,275.744244,257.235105,220.467362,216.681780,229.926255,289.116546,334.700162,430.981842,469.501719,551.698387,219.926621,165.092667,148.742667,159.612544,185.393348,240.275011,316.140436,363.123710,469.040945,501.106670,189.033842,119.577726,90.800029,67.091621,147.410425,220.775232,281.663409,375.844981,430.182250,525.893326,178.602771,88.188947,0.000000,57.313376,165.751386,215.707165,309.268020,369.614462,430.690467,515.186351
93,747.582556,704.464673,703.752857,669.654895,687.020176,672.496079,703.546624,730.612352,739.252897,750.882304,654.951724,653.627901,591.214797,616.213117,601.329844,615.271204,590.409574,651.743618,674.213052,716.032211,609.739690,550.062388,524.215813,541.297533,530.231371,538.005734,536.130744,574.254484,603.914735,663.530322,528.260842,469.238879,453.409710,435.524676,442.359065,442.389585,472.783956,531.178355,556.878559,638.066845,435.482581,414.066980,374.900589,379.316468,394.783779,393.806873,391.065954,441.828061,507.101518,579.065867,389.505295,313.554403,330.114571,304.707191,326.361133,344.305837,368.265954,441.986098,454.729495,558.890544,321.635940,294.499398,238.061536,224.855048,215.790353,256.317865,298.844074,387.173587,424.619154,503.156650,266.912260,205.967713,170.547895,157.746502,154.644170,197.953070,273.268405,313.180909,418.179416,448.346379,245.913001,175.224934,127.641970,62.466423,106.799036,171.727151,227.850303,321.645205,374.515401,470.711653,235.707423,145.033709,57.313376,0.000000,108.438304,158.495815,252.483575,312.743550,373.513536,458.131504
94,804.454447,756.948305,742.070126,697.856594,706.222243,679.090500,698.852726,712.768304,707.871342,713.832221,716.797555,708.914331,632.693049,646.115132,620.504881,615.480379,584.051104,630.768098,644.715719,672.684234,677.535505,605.160740,566.025983,572.632418,544.968614,535.356862,520.465530,544.865719,562.401580,613.763805,599.321498,532.102231,498.389613,473.576559,454.336089,444.719531,450.346060,492.828636,506.519365,580.005785,513.016462,482.155110,429.124081,419.331515,410.905325,389.910371,367.526707,399.659042,445.871494,515.972205,471.997621,386.400397,384.646301,347.501288,335.950752,329.977038,336.099499,387.836594,391.303754,483.858267,416.100373,378.714041,299.540973,274.181239,228.985760,222.787860,253.160986,315.971242,349.442010,417.157635,363.834697,298.299227,245.169666,203.968860,148.271740,148.131398,211.359218,228.053799,327.558967,352.210227,353.880539,282.287343,222.313905,143.848340,98.853600,104.660042,133.935159,223.175236,270.926183,367.937479,343.962101,253.188152,165.751386,108.438304,0.000000,50.792213,146.070060,205.728369,265.450861,350.357879
95,825.757241,776.428995,754.990082,706.374837,710.469891,677.668457,691.967481,699.596442,688.378677,691.642043,740.933246,730.009770,647.943225,655.871504,625.523732,611.681125,577.512238,616.818609,626.606968,647.824480,704.715901,626.952470,582.103066,583.817304,548.820101,531.197467,510.342821,527.843756,539.360958,586.321329,628.550086,558.146058,516.761014,489.197837,458.382629,444.453025,438.129531,472.165486,479.829657,548.904086,545.913319,511.096562,452.692482,436.821083,417.801068,387.986003,356.703148,378.725992,414.599607,483.016436,507.508958,418.718749,409.197006,367.937557,342.018442,324.907594,321.921240,361.072353,359.735086,445.456365,457.530677,415.974135,329.146612,299.866421,242.163181,213.598443,235.360191,281.789219,312.500328,374.052236,406.787825,340.019941,281.554536,232.363531,161.659247,137.740512,186.694210,188.253841,282.963079,304.829922,402.890909,330.726484,266.263906,187.495804,123.212221,91.369595,92.397737,175.658951,220.819673,317.920886,394.202212,303.495458,215.707165,158.495815,50.792213,0.000000,95.371394,154.937337,215.020493,299.753205
96,866.161077,813.981133,780.891737,724.833369,721.013199,678.118740,681.876712,677.324848,653.916325,651.808321,787.151362,770.915278,679.400587,677.301051,638.784244,608.766435,570.075504,594.326851,595.784574,603.240254,756.664894,670.303855,616.069618,609.031166,561.442251,529.328688,497.609482,501.127118,500.283069,537.412000,684.847187,609.855538,555.985645,524.262371,473.764040,452.399566,423.552159,439.578085,434.593237,493.048863,609.428352,568.448150,502.182249,476.477344,439.677739,395.098617,348.471818,348.976038,361.372300,424.443628,575.857895,483.252591,461.405018,414.731953,365.786202,329.581220,309.161050,319.723171,307.798574,375.751098,536.114340,488.408952,391.750184,357.661263,284.526198,221.337021,223.114862,227.858623,250.107706,294.945550,488.304395,420.481870,355.617589,297.563864,213.815791,159.264640,167.113579,128.468724,202.312807,216.492277,494.240643,421.412496,351.118599,273.789929,194.621090,126.838824,62.864371,91.092657,126.408920,223.420412,487.836358,397.397760,309.268020,252.483575,146.070060,95.371394,0.000000,60.413951,123.284858,206.343799
97,906.357241,852.969986,814.031117,754.328940,746.134394,697.764365,695.097839,682.805968,651.375578,645.484344,830.505201,811.772315,716.075892,708.762850,666.137776,627.133590,586.198739,600.595380,596.432892,593.985382,802.821145,712.881190,654.483593,643.075026,589.283987,549.369731,511.590519,505.990088,496.534616,525.756078,733.242872,656.621965,597.457902,564.074387,504.343132,479.345278,437.918625,441.661212,427.587970,476.609724,661.163566,617.877450,548.771506,518.979450,474.196239,422.831779,368.864710,355.624099,350.017884,407.038758,629.597720,536.027160,509.520225,461.136881,402.762067,357.916819,328.355524,319.188248,299.463420,349.553888,593.489332,543.954417,444.530484,409.110255,331.672983,256.488333,247.584063,222.464707,235.569177,261.278139,546.643185,478.710825,412.373914,352.274655,266.503854,205.236340,192.878298,130.714580,171.018636,173.565336,554.592491,481.720493,410.569896,333.688989,252.561102,180.274430,109.041130,71.374132,74.665551,168.684794,548.201397,457.714464,369.614462,312.743550,205.728369,154.937337,60.413951,0.000000,64.257922,145.971510
98,962.683546,908.586627,865.688624,803.489111,791.981636,739.442201,731.363743,712.203678,673.347488,663.719904,888.909644,868.665201,770.442583,759.519703,714.033700,668.170668,625.672048,631.361152,621.992929,609.706503,862.870603,771.002658,710.159578,695.884656,637.926493,592.315351,549.947491,536.465473,519.008159,539.777561,794.535311,717.178280,655.181053,620.903947,555.453380,528.082555,477.471683,470.518466,447.981842,486.215278,724.010878,679.781614,609.421240,577.530845,528.130348,472.641499,414.120517,390.212312,367.842245,416.927087,693.171303,599.342330,570.982539,521.904087,458.697040,408.882999,373.465598,348.427931,322.011172,350.756778,657.746913,608.014356,507.927392,472.111670,393.229931,313.033408,298.189529,251.529085,254.952570,256.423163,610.827339,542.907903,476.614508,416.253659,330.148617,267.218126,246.049708,174.013801,176.552090,161.468074,616.971643,544.305314,474.332500,397.070785,316.760815,244.288454,172.513774,111.234589,68.632017,132.584216,609.220957,518.513263,430.690467,373.513536,265.450861,215.020493,123.284858,64.257922,0.000000,85.333533
99,1015.925795,960.602314,910.458324,844.247643,827.279128,768.515016,752.245235,723.226806,674.386829,659.749585,946.782744,923.410793,820.707343,803.332458,753.330540,696.983811,652.624398,645.416135,628.798965,603.162470,924.589939,828.728633,763.276252,743.783863,679.176127,625.024016,576.382240,551.745344,523.492565,532.293220,859.585877,780.640087,712.698466,676.870267,601.749293,570.837348,507.093351,485.052172,451.525285,474.129044,793.820014,746.877145,673.618036,637.287079,579.610334,518.005061,453.680150,415.198178,370.970424,407.410263,765.784678,671.177588,637.393335,586.924001,514.621469,457.321499,413.945087,367.794153,333.818527,332.622215,735.572360,683.397989,580.417911,543.411252,461.217876,372.735068,349.238659,276.783890,267.545612,236.938196,690.223156,622.260913,554.144119,491.734782,404.637737,337.921009,302.946974,224.125474,182.194552,146.877053,700.563895,627.684930,555.753473,479.381648,396.554429,321.146171,248.671693,168.516299,105.907978,88.448139,693.784310,603.165139,515.186351,458.131504,350.357879,299.753205,206.343799,145.971510,85.333533,0.000000
